league_name,club_name,year,total_fee_in,mean_fee_in,mean_age_in,total_fee_in_GK,mean_fee_in_GK,mean_age_in_GK,count_GK_in,total_fee_in_DEF,mean_fee_in_DEF,mean_age_in_DEF,count_DEF_in,total_fee_in_MID,mean_fee_in_MID,mean_age_in_MID,count_MID_in,total_fee_in_STK,mean_fee_in_STK,mean_age_in_STK,count_STK_in,total_fee_out,mean_fee_out,mean_age_out,total_fee_out_GK,mean_fee_out_GK,mean_age_out_GK,count_GK_out,total_fee_out_DEF,mean_fee_out_DEF,mean_age_out_DEF,count_DEF_out,total_fee_out_MID,mean_fee_out_MID,mean_age_out_MID,count_MID_out,total_fee_out_STK,mean_fee_out_STK,mean_age_out_STK,count_STK_out,Rk,W,D,L,GF,GA,GD,Pts/MP,PF,total_fee_in_1_years_future,mean_fee_in_1_years_future,mean_age_in_1_years_future,total_fee_in_GK_1_years_future,mean_fee_in_GK_1_years_future,mean_age_in_GK_1_years_future,count_GK_in_1_years_future,total_fee_in_DEF_1_years_future,mean_fee_in_DEF_1_years_future,mean_age_in_DEF_1_years_future,count_DEF_in_1_years_future,total_fee_in_MID_1_years_future,mean_fee_in_MID_1_years_future,mean_age_in_MID_1_years_future,count_MID_in_1_years_future,total_fee_in_STK_1_years_future,mean_fee_in_STK_1_years_future,mean_age_in_STK_1_years_future,count_STK_in_1_years_future,total_fee_out_1_years_future,mean_fee_out_1_years_future,mean_age_out_1_years_future,total_fee_out_GK_1_years_future,mean_fee_out_GK_1_years_future,mean_age_out_GK_1_years_future,count_GK_out_1_years_future,total_fee_out_DEF_1_years_future,mean_fee_out_DEF_1_years_future,mean_age_out_DEF_1_years_future,count_DEF_out_1_years_future,total_fee_out_MID_1_years_future,mean_fee_out_MID_1_years_future,mean_age_out_MID_1_years_future,count_MID_out_1_years_future,total_fee_out_STK_1_years_future,mean_fee_out_STK_1_years_future,mean_age_out_STK_1_years_future,count_STK_out_1_years_future,PF_1_years_future,Rk_1_years_future,W_1_years_future,D_1_years_future,L_1_years_future,GF_1_years_future,GA_1_years_future,GD_1_years_future,Pts/MP_1_years_future,PF_next_1_years
Ligue 1,AJ Auxerre,2009,1.5,1.5,22.0,0.0,0.0,0.0,0,0.0,0.0,0.0,0,1.5,1.5,22.0,1,0.0,0.0,0.0,0,4.7,2.35,26.0,0.0,0.0,0.0,0,1.0,1.0,26.0,1,3.7,3.7,26.0,1,0.0,0.0,0.0,0,3,20,11,7,42,29,13,1.87,0,3.5,1.75,24.5,0.0,0.0,0.0,0.0,0.0,0.0,0.0,0.0,0.5,0.5,24.0,1.0,3.0,3.0,25.0,1.0,2.43,1.215,23.5,0.0,0.0,0.0,0.0,0.93,0.93,26.0,1.0,0.0,0.0,0.0,0.0,1.5,1.5,21.0,1.0,1,9,10,19,9,45,41,4,1.29,1
Ligue 1,FC Girondins Bordeaux,2009,28.5,7.125,25.25,8.0,8.0,27.0,1,4.0,4.0,25.0,1,16.5,8.25,24.5,2,0.0,0.0,0.0,0,11.0,3.667,25.333,0.5,0.5,26.0,1,6.5,6.5,30.0,1,4.0,4.0,20.0,1,0.0,0.0,0.0,0,6,19,7,12,58,40,18,1.68,0,10.5,2.1,22.2,0.0,0.0,0.0,0.0,1.5,1.5,20.0,1.0,0.0,0.0,0.0,0.0,9.0,2.25,22.75,4.0,22.0,22.0,24.0,0.0,0.0,0.0,0.0,0.0,0.0,0.0,0.0,22.0,22.0,24.0,1.0,0.0,0.0,0.0,0.0,1,7,12,15,11,43,42,1,1.34,1
Ligue 1,LOSC Lille,2009,8.6,2.867,26.667,1.6,1.6,30.0,1,0.5,0.5,28.0,1,0.0,0.0,0.0,0,6.5,6.5,22.0,1,18.75,9.375,26.0,0.0,0.0,0.0,0,0.0,0.0,0.0,0,18.0,18.0,25.0,1,0.75,0.75,27.0,1,4,21,7,10,72,40,32,1.84,0,0.0,0.0,0.0,0.0,0.0,0.0,0.0,0.0,0.0,0.0,0.0,0.0,0.0,0.0,0.0,0.0,0.0,0.0,0.0,2.3,1.15,27.0,0.0,0.0,0.0,0.0,0.0,0.0,0.0,0.0,0.0,0.0,0.0,0.0,2.3,1.15,27.0,2.0,0,1,21,13,4,68,36,32,2.0,0
Ligue 1,Olympique Lyon,2009,82.7,13.783,22.0,0.0,0.0,0.0,0,27.7,9.233,19.333,3,18.0,18.0,25.0,1,37.0,18.5,24.5,2,53.0,6.625,26.5,0.0,0.0,0.0,0,5.0,1.667,26.333,3,2.5,2.5,34.0,1,45.5,11.375,24.75,4,2,20,12,6,64,38,26,1.89,0,28.44,9.48,24.667,0.0,0.0,0.0,0.0,0.44,0.44,26.0,1.0,22.0,22.0,24.0,1.0,6.0,6.0,24.0,1.0,10.815,2.704,28.75,0.0,0.0,0.0,0.0,0.915,0.915,30.0,1.0,8.7,4.35,27.0,2.0,1.2,1.2,31.0,1.0,0,3,17,13,8,61,40,21,1.68,0
Ligue 1,Olympique Marseille,2009,42.3,5.288,28.125,0.2,0.2,30.0,1,8.6,2.15,28.5,4,33.5,11.167,27.0,3,0.0,0.0,0.0,0,27.8,5.56,25.6,0.0,0.0,0.0,0,7.0,3.5,25.0,2,12.8,6.4,25.5,2,8.0,8.0,27.0,1,1,23,9,6,69,36,33,2.05,0,41.5,10.375,24.0,0.0,0.0,0.0,0.0,10.0,5.0,24.5,2.0,0.0,0.0,0.0,0.0,31.5,15.75,23.5,2.0,22.6,3.767,25.0,0.0,0.0,0.0,0.0,0.8,0.8,22.0,1.0,8.5,4.25,23.0,2.0,13.3,4.433,27.333,3.0,0,2,18,14,6,62,39,23,1.79,0
Ligue 1,AS Monaco,2009,9.9,1.98,25.4,0.0,0.0,0.0,0,0.7,0.7,27.0,1,6.5,3.25,24.5,2,2.7,1.35,25.5,2,6.075,1.519,23.25,0.0,0.0,0.0,0,1.575,0.788,25.0,2,2.0,2.0,23.0,1,2.5,2.5,20.0,1,8,15,10,13,39,45,-6,1.45,1,9.75,1.95,23.8,0.0,0.0,0.0,0.0,0.7,0.7,28.0,1.0,0.0,0.0,0.0,0.0,9.05,2.262,22.75,4.0,14.1,2.014,26.714,0.0,0.0,0.0,0.0,0.0,0.0,0.0,0.0,7.2,2.4,28.667,3.0,6.9,1.725,25.25,4.0,2,18,9,17,12,36,40,-4,1.16,2
Ligue 1,AS Nancy-Lorraine,2009,5.7,1.425,23.0,0.0,0.0,0.0,0,2.2,1.1,25.0,2,1.0,1.0,22.0,1,2.5,2.5,20.0,1,5.6,1.4,25.25,0.0,0.0,0.0,0,0.2,0.2,21.0,1,0.75,0.75,23.0,1,4.65,2.325,28.5,2,12,13,9,16,46,53,-7,1.26,1,0.0,0.0,0.0,0.0,0.0,0.0,0.0,0.0,0.0,0.0,0.0,0.0,0.0,0.0,0.0,0.0,0.0,0.0,0.0,8.05,2.013,22.5,0.0,0.0,0.0,0.0,0.25,0.125,22.0,2.0,0.0,0.0,0.0,0.0,7.8,3.9,23.0,2.0,1,13,13,9,16,43,48,-5,1.26,1
Ligue 1,FC Lorient,2009,7.0,1.4,24.6,0.0,0.0,0.0,0,5.5,1.375,24.75,4,1.5,1.5,24.0,1,0.0,0.0,0.0,0,9.5,2.375,28.5,0.0,0.0,0.0,0,6.5,3.25,25.0,2,2.5,2.5,30.0,1,0.5,0.5,34.0,1,7,16,10,12,54,42,12,1.53,1,6.0,1.5,22.25,0.0,0.0,0.0,0.0,3.5,1.75,21.0,2.0,1.0,1.0,26.0,1.0,1.5,1.5,21.0,1.0,12.8,6.4,27.0,0.0,0.0,0.0,0.0,12.8,6.4,27.0,2.0,0.0,0.0,0.0,0.0,0.0,0.0,0.0,0.0,1,11,12,13,13,46,48,-2,1.29,1
Ligue 1,FC Toulouse,2009,6.0,3.0,21.5,0.0,0.0,0.0,0,0.0,0.0,0.0,0,3.5,3.5,23.0,1,2.5,2.5,20.0,1,11.95,3.983,26.667,8.0,8.0,27.0,1,3.5,3.5,27.0,1,0.0,0.0,0.0,0,0.45,0.45,26.0,1,14,12,11,15,36,36,0,1.24,1,0.0,0.0,0.0,0.0,0.0,0.0,0.0,0.0,0.0,0.0,0.0,0.0,0.0,0.0,0.0,0.0,0.0,0.0,0.0,16.65,5.55,23.0,0.0,0.0,0.0,0.0,0.3,0.3,24.0,1.0,0.0,0.0,0.0,0.0,16.35,8.175,22.5,2.0,1,8,14,8,16,38,36,2,1.32,1
Ligue 1,Paris Saint-Germain,2009,15.5,3.875,28.25,0.8,0.8,36.0,1,2.5,2.5,25.0,1,0.0,0.0,0.0,0,12.2,6.1,26.0,2,6.3,1.05,26.667,1.6,1.6,30.0,1,1.7,1.7,25.0,1,2.9,0.967,27.667,3,0.1,0.1,22.0,1,13,12,11,15,50,46,4,1.24,1,9.0,3.0,27.667,0.0,0.0,0.0,0.0,1.5,1.5,28.0,1.0,7.5,3.75,27.5,2.0,0.0,0.0,0.0,0.0,7.0,7.0,26.0,0.0,0.0,0.0,0.0,0.0,0.0,0.0,0.0,7.0,7.0,26.0,1.0,0.0,0.0,0.0,0.0,0,4,15,15,8,56,41,15,1.58,0
Ligue 1,RC Lens,2009,4.95,1.237,25.75,0.6,0.6,26.0,1,1.0,1.0,27.0,1,0.35,0.35,22.0,1,3.0,3.0,28.0,1,3.0,1.5,22.5,0.0,0.0,0.0,0,2.5,2.5,17.0,1,0.0,0.0,0.0,0,0.5,0.5,28.0,1,11,12,12,14,40,44,-4,1.26,1,0.0,0.0,0.0,0.0,0.0,0.0,0.0,0.0,0.0,0.0,0.0,0.0,0.0,0.0,0.0,0.0,0.0,0.0,0.0,8.315,2.772,25.0,0.0,0.0,0.0,0.0,0.0,0.0,0.0,0.0,0.315,0.315,23.0,1.0,8.0,4.0,26.0,2.0,2,19,7,14,17,35,58,-23,0.92,2
Ligue 1,Stade Rennais FC,2009,14.6,4.867,22.0,0.0,0.0,0.0,0,0.0,0.0,0.0,0,3.6,1.8,21.0,2,11.0,11.0,24.0,1,13.802,3.45,27.0,0.0,0.0,0.0,0,1.5,1.5,25.0,1,12.302,4.101,27.667,3,0.0,0.0,0.0,0,9,14,11,13,52,41,11,1.39,1,22.2,2.775,23.375,1.0,1.0,22.0,1.0,6.5,3.25,21.5,2.0,2.7,1.35,26.0,2.0,12.0,4.0,23.333,3.0,34.125,6.825,26.6,0.0,0.0,0.0,0.0,4.125,2.062,30.0,2.0,0.0,0.0,0.0,0.0,30.0,10.0,24.333,3.0,0,6,15,11,12,38,35,3,1.47,0
Ligue 1,Valenciennes FC,2009,5.45,1.09,23.8,0.0,0.0,0.0,0,1.2,0.6,22.0,2,2.25,1.125,24.5,2,2.0,2.0,26.0,1,0.5,0.5,29.0,0.0,0.0,0.0,0,0.0,0.0,0.0,0,0.0,0.0,0.0,0,0.5,0.5,29.0,1,10,14,10,14,50,50,0,1.37,1,1.8,0.9,23.0,0.0,0.0,0.0,0.0,0.0,0.0,0.0,0.0,0.0,0.0,0.0,0.0,1.8,0.9,23.0,2.0,8.5,2.833,27.0,0.0,0.0,0.0,0.0,1.5,1.5,28.0,1.0,0.0,0.0,0.0,0.0,7.0,3.5,26.5,2.0,1,12,10,18,10,45,41,4,1.26,1
Ligue 1,AS Saint-Étienne,2009,19.5,3.25,24.5,0.8,0.8,28.0,1,0.0,0.0,0.0,0,4.5,2.25,23.5,2,14.2,4.733,24.0,3,14.4,4.8,26.0,0.4,0.4,27.0,1,0.0,0.0,0.0,0,1.0,1.0,28.0,1,13.0,13.0,23.0,1,17,10,10,18,27,45,-18,1.05,2,3.925,0.981,26.5,0.0,0.0,0.0,0.0,0.125,0.125,31.0,1.0,3.2,1.6,27.0,2.0,0.6,0.6,21.0,1.0,5.25,1.312,23.0,0.0,0.0,0.0,0.0,1.1,1.1,23.0,1.0,3.25,1.625,23.5,2.0,0.9,0.9,22.0,1.0,1,10,12,13,13,46,47,-1,1.29,1
Ligue 1,FC Sochaux-Montbéliard,2009,7.5,1.875,24.75,0.0,0.0,0.0,0,2.0,1.0,27.5,2,0.0,0.0,0.0,0,5.5,2.75,22.0,2,10.2,3.4,21.333,0.0,0.0,0.0,0,0.0,0.0,0.0,0,1.7,0.85,21.0,2,8.5,8.5,22.0,1,16,11,8,19,28,52,-24,1.08,2,3.3,1.65,26.0,0.0,0.0,0.0,0.0,0.3,0.3,30.0,1.0,0.0,0.0,0.0,0.0,3.0,3.0,22.0,1.0,2.5,1.25,27.5,0.0,0.0,0.0,0.0,1.0,1.0,24.0,1.0,1.5,1.5,31.0,1.0,0.0,0.0,0.0,0.0,0,5,17,7,14,60,43,17,1.53,0
Ligue 1,Grenoble Foot 38,2009,3.6,0.72,25.6,0.4,0.4,27.0,1,1.5,1.5,22.0,1,1.1,0.55,29.0,2,0.6,0.6,21.0,1,0.0,0.0,0.0,0.0,0.0,0.0,0,0.0,0.0,0.0,0,0.0,0.0,0.0,0,0.0,0.0,0.0,0,20,5,8,25,31,61,-30,0.61,2,0.0,0.0,0.0,0.0,0.0,0.0,0.0,0.0,0.0,0.0,0.0,0.0,0.0,0.0,0.0,0.0,0.0,0.0,0.0,0.0,0.0,0.0,0.0,0.0,0.0,0.0,0.0,0.0,0.0,0.0,0.0,0.0,0.0,0.0,0.0,0.0,0.0,0.0,2,0,0,0,0,0,0,0,0.0,2
Ligue 1,Le Mans FC,2009,2.633,0.878,25.667,0.8,0.8,26.0,1,1.5,1.5,28.0,1,0.333,0.333,23.0,1,0.0,0.0,0.0,0,10.5,5.25,22.5,0.0,0.0,0.0,0,0.0,0.0,0.0,0,4.0,4.0,23.0,1,6.5,6.5,22.0,1,18,8,8,22,36,59,-23,0.84,2,0.0,0.0,0.0,0.0,0.0,0.0,0.0,0.0,0.0,0.0,0.0,0.0,0.0,0.0,0.0,0.0,0.0,0.0,0.0,0.0,0.0,0.0,0.0,0.0,0.0,0.0,0.0,0.0,0.0,0.0,0.0,0.0,0.0,0.0,0.0,0.0,0.0,0.0,2,0,0,0,0,0,0,0,0.0,2
Ligue 1,OGC Nice,2009,3.5,1.75,25.5,0.0,0.0,0.0,0,0.0,0.0,0.0,0,0.0,0.0,0.0,0,3.5,1.75,25.5,2,1.45,0.483,29.667,0.0,0.0,0.0,0,1.4,0.7,30.5,2,0.0,0.0,0.0,0,0.05,0.05,28.0,1,15,11,11,16,41,57,-16,1.16,2,1.7,0.567,25.333,0.0,0.0,0.0,0.0,1.4,0.7,22.5,2.0,0.0,0.0,0.0,0.0,0.3,0.3,31.0,1.0,23.0,7.667,22.667,0.0,0.0,0.0,0.0,4.0,4.0,23.0,1.0,0.0,0.0,0.0,0.0,19.0,9.5,22.5,2.0,2,17,11,13,14,33,48,-15,1.21,2
Ligue 1,US Boulogne,2009,2.035,0.509,24.0,0.5,0.5,26.0,1,1.15,0.575,23.0,2,0.0,0.0,0.0,0,0.385,0.385,24.0,1,2.15,2.15,22.0,0.0,0.0,0.0,0,2.15,2.15,22.0,1,0.0,0.0,0.0,0,0.0,0.0,0.0,0,19,7,10,21,31,62,-31,0.82,2,0.0,0.0,0.0,0.0,0.0,0.0,0.0,0.0,0.0,0.0,0.0,0.0,0.0,0.0,0.0,0.0,0.0,0.0,0.0,0.0,0.0,0.0,0.0,0.0,0.0,0.0,0.0,0.0,0.0,0.0,0.0,0.0,0.0,0.0,0.0,0.0,0.0,0.0,2,0,0,0,0,0,0,0,0.0,2
Ligue 1,FC Sochaux-Montbéliard,2010,3.3,1.65,26.0,0.0,0.0,0.0,0,0.3,0.3,30.0,1,0.0,0.0,0.0,0,3.0,3.0,22.0,1,2.5,1.25,27.5,0.0,0.0,0.0,0,1.0,1.0,24.0,1,1.5,1.5,31.0,1,0.0,0.0,0.0,0,5,17,7,14,60,43,17,1.53,0,5.25,1.312,20.5,0.0,0.0,0.0,0.0,3.5,1.75,20.0,2.0,0.0,0.0,0.0,0.0,1.75,0.875,21.0,2.0,11.5,5.75,23.5,0.0,0.0,0.0,0.0,0.0,0.0,0.0,0.0,2.5,2.5,25.0,1.0,9.0,9.0,22.0,1.0,1,14,11,9,18,40,60,-20,1.11,1
Ligue 1,LOSC Lille,2010,0.0,0.0,0.0,0.0,0.0,0.0,0,0.0,0.0,0.0,0,0.0,0.0,0.0,0,0.0,0.0,0.0,0,2.3,1.15,27.0,0.0,0.0,0.0,0,0.0,0.0,0.0,0,0.0,0.0,0.0,0,2.3,1.15,27.0,2,1,21,13,4,68,36,32,2.0,0,23.4,2.925,25.375,0.0,0.0,0.0,0.0,2.2,0.733,29.0,3.0,10.5,5.25,27.0,2.0,10.7,3.567,20.667,3.0,36.9,5.271,25.429,0.0,0.0,0.0,0.0,8.0,4.0,25.0,2.0,6.0,3.0,26.0,2.0,22.9,7.633,25.333,3.0,0,3,21,11,6,72,39,33,1.95,0
Ligue 1,Olympique Lyon,2010,28.44,9.48,24.667,0.0,0.0,0.0,0,0.44,0.44,26.0,1,22.0,22.0,24.0,1,6.0,6.0,24.0,1,10.815,2.704,28.75,0.0,0.0,0.0,0,0.915,0.915,30.0,1,8.7,4.35,27.0,2,1.2,1.2,31.0,1,3,17,13,8,61,40,21,1.68,0,4.6,1.533,22.333,0.0,0.0,0.0,0.0,2.8,1.4,23.5,2.0,1.8,1.8,20.0,1.0,0.0,0.0,0.0,0.0,22.0,11.0,24.0,0.0,0.0,0.0,0.0,0.0,0.0,0.0,0.0,22.0,11.0,24.0,2.0,0.0,0.0,0.0,0.0,0,4,19,7,12,64,51,13,1.68,0
Ligue 1,Olympique Marseille,2010,41.5,10.375,24.0,0.0,0.0,0.0,0,10.0,5.0,24.5,2,0.0,0.0,0.0,0,31.5,15.75,23.5,2,22.6,3.767,25.0,0.0,0.0,0.0,0,0.8,0.8,22.0,1,8.5,4.25,23.0,2,13.3,4.433,27.333,3,2,18,14,6,62,39,23,1.79,0,11.0,3.667,25.667,0.0,0.0,0.0,0.0,6.0,3.0,24.0,2.0,5.0,5.0,29.0,1.0,0.0,0.0,0.0,0.0,0.0,0.0,0.0,0.0,0.0,0.0,0.0,0.0,0.0,0.0,0.0,0.0,0.0,0.0,0.0,0.0,0.0,0.0,0.0,1,10,12,12,14,45,41,4,1.26,1
Ligue 1,Paris Saint-Germain,2010,9.0,3.0,27.667,0.0,0.0,0.0,0,1.5,1.5,28.0,1,7.5,3.75,27.5,2,0.0,0.0,0.0,0,7.0,7.0,26.0,0.0,0.0,0.0,0,0.0,0.0,0.0,0,7.0,7.0,26.0,1,0.0,0.0,0.0,0,4,15,15,8,56,41,15,1.58,0,107.1,9.736,26.273,3.9,3.9,24.0,1.0,14.7,3.675,29.0,4.0,69.5,17.375,25.25,4.0,19.0,9.5,24.0,2.0,9.4,2.35,23.0,0.0,0.0,0.0,0.0,0.5,0.5,21.0,1.0,2.3,1.15,23.5,2.0,6.6,6.6,24.0,1.0,0,2,23,10,5,75,41,34,2.08,0
Ligue 1,Stade Rennais FC,2010,22.2,2.775,23.375,1.0,1.0,22.0,1,6.5,3.25,21.5,2,2.7,1.35,26.0,2,12.0,4.0,23.333,3,34.125,6.825,26.6,0.0,0.0,0.0,0,4.125,2.062,30.0,2,0.0,0.0,0.0,0,30.0,10.0,24.333,3,6,15,11,12,38,35,3,1.47,0,16.8,3.36,25.6,0.0,0.0,0.0,0.0,1.0,1.0,20.0,1.0,4.0,4.0,28.0,1.0,11.8,3.933,26.667,3.0,5.5,1.375,22.5,0.0,0.0,0.0,0.0,1.5,1.5,22.0,1.0,2.5,1.25,23.5,2.0,1.5,1.5,21.0,1.0,0,6,17,9,12,53,44,9,1.58,0
Ligue 1,AJ Auxerre,2010,3.5,1.75,24.5,0.0,0.0,0.0,0,0.0,0.0,0.0,0,0.5,0.5,24.0,1,3.0,3.0,25.0,1,2.43,1.215,23.5,0.0,0.0,0.0,0,0.93,0.93,26.0,1,0.0,0.0,0.0,0,1.5,1.5,21.0,1,9,10,19,9,45,41,4,1.29,1,3.75,1.25,25.333,0.0,0.0,0.0,0.0,0.0,0.0,0.0,0.0,1.75,0.875,24.5,2.0,2.0,2.0,27.0,1.0,3.5,1.75,30.0,0.0,0.0,0.0,0.0,2.0,2.0,30.0,1.0,1.5,1.5,30.0,1.0,0.0,0.0,0.0,0.0,2,20,7,13,18,46,57,-11,0.89,2
Ligue 1,AS Nancy-Lorraine,2010,0.0,0.0,0.0,0.0,0.0,0.0,0,0.0,0.0,0.0,0,0.0,0.0,0.0,0,0.0,0.0,0.0,0,8.05,2.013,22.5,0.0,0.0,0.0,0,0.25,0.125,22.0,2,0.0,0.0,0.0,0,7.8,3.9,23.0,2,13,13,9,16,43,48,-5,1.26,1,5.35,1.07,23.4,0.8,0.8,25.0,1.0,0.0,0.0,0.0,0.0,1.9,0.95,24.0,2.0,2.65,1.325,22.0,2.0,9.6,1.6,26.333,0.0,0.0,0.0,0.0,0.7,0.35,27.5,2.0,7.2,2.4,24.0,3.0,1.7,1.7,31.0,1.0,1,11,11,12,15,38,48,-10,1.18,1
Ligue 1,AS Saint-Étienne,2010,3.925,0.981,26.5,0.0,0.0,0.0,0,0.125,0.125,31.0,1,3.2,1.6,27.0,2,0.6,0.6,21.0,1,5.25,1.312,23.0,0.0,0.0,0.0,0,1.1,1.1,23.0,1,3.25,1.625,23.5,2,0.9,0.9,22.0,1,10,12,13,13,46,47,-1,1.29,1,16.1,1.61,25.1,3.0,3.0,24.0,1.0,2.3,1.15,29.0,2.0,3.3,1.65,25.0,2.0,7.5,1.5,23.8,5.0,28.86,3.608,25.0,0.0,0.0,0.0,0.0,0.46,0.46,32.0,1.0,18.0,4.5,24.25,4.0,10.4,3.467,23.667,3.0,1,7,16,9,13,49,45,4,1.5,1
Ligue 1,FC Girondins Bordeaux,2010,10.5,2.1,22.2,0.0,0.0,0.0,0,1.5,1.5,20.0,1,0.0,0.0,0.0,0,9.0,2.25,22.75,4,22.0,22.0,24.0,0.0,0.0,0.0,0,0.0,0.0,0.0,0,22.0,22.0,24.0,1,0.0,0.0,0.0,0,7,12,15,11,43,42,1,1.34,1,4.0,2.0,26.0,0.0,0.0,0.0,0.0,3.0,3.0,25.0,1.0,1.0,1.0,27.0,1.0,0.0,0.0,0.0,0.0,12.5,4.167,29.333,0.0,0.0,0.0,0.0,0.0,0.0,0.0,0.0,12.5,4.167,29.333,3.0,0.0,0.0,0.0,0.0,0,5,16,13,9,53,41,12,1.61,0
Ligue 1,FC Lorient,2010,6.0,1.5,22.25,0.0,0.0,0.0,0,3.5,1.75,21.0,2,1.0,1.0,26.0,1,1.5,1.5,21.0,1,12.8,6.4,27.0,0.0,0.0,0.0,0,12.8,6.4,27.0,2,0.0,0.0,0.0,0,0.0,0.0,0.0,0,11,12,13,13,46,48,-2,1.29,1,11.1,1.85,23.0,0.0,0.0,0.0,0.0,2.0,2.0,24.0,1.0,3.5,1.75,22.5,2.0,5.6,1.867,23.0,3.0,16.0,5.333,24.333,0.0,0.0,0.0,0.0,2.5,2.5,27.0,1.0,0.0,0.0,0.0,0.0,13.5,6.75,23.0,2.0,2,17,9,12,17,35,49,-14,1.03,2
Ligue 1,FC Toulouse,2010,0.0,0.0,0.0,0.0,0.0,0.0,0,0.0,0.0,0.0,0,0.0,0.0,0.0,0,0.0,0.0,0.0,0,16.65,5.55,23.0,0.0,0.0,0.0,0,0.3,0.3,24.0,1,0.0,0.0,0.0,0,16.35,8.175,22.5,2,8,14,8,16,38,36,2,1.32,1,13.34,2.668,23.0,0.0,0.0,0.0,0.0,3.54,1.18,22.0,3.0,0.0,0.0,0.0,0.0,9.8,4.9,24.5,2.0,4.8,1.6,25.333,0.0,0.0,0.0,0.0,0.45,0.45,29.0,1.0,0.0,0.0,0.0,0.0,4.35,2.175,23.5,2.0,1,8,15,11,12,37,34,3,1.47,1
Ligue 1,Montpellier HSC,2010,4.3,1.075,25.25,0.0,0.0,0.0,0,0.8,0.8,22.0,1,1.0,1.0,27.0,1,2.5,1.25,26.0,2,14.0,4.667,24.333,1.0,1.0,22.0,1,0.0,0.0,0.0,0,6.5,6.5,25.0,1,6.5,6.5,26.0,1,14,12,11,15,32,43,-11,1.24,1,2.0,2.0,27.0,0.0,0.0,0.0,0.0,2.0,2.0,27.0,1.0,0.0,0.0,0.0,0.0,0.0,0.0,0.0,0.0,2.0,2.0,30.0,0.0,0.0,0.0,0.0,2.0,2.0,30.0,1.0,0.0,0.0,0.0,0.0,0.0,0.0,0.0,0.0,0,1,25,7,6,68,34,34,2.16,0
Ligue 1,Valenciennes FC,2010,1.8,0.9,23.0,0.0,0.0,0.0,0,0.0,0.0,0.0,0,0.0,0.0,0.0,0,1.8,0.9,23.0,2,8.5,2.833,27.0,0.0,0.0,0.0,0,1.5,1.5,28.0,1,0.0,0.0,0.0,0,7.0,3.5,26.5,2,12,10,18,10,45,41,4,1.26,1,4.1,1.025,22.5,0.0,0.0,0.0,0.0,3.1,1.55,21.5,2.0,1.0,0.5,23.5,2.0,0.0,0.0,0.0,0.0,4.2,2.1,23.5,0.0,0.0,0.0,0.0,3.2,3.2,27.0,1.0,1.0,1.0,20.0,1.0,0.0,0.0,0.0,0.0,1,12,12,7,19,40,50,-10,1.13,1
Ligue 1,AS Monaco,2010,9.75,1.95,23.8,0.0,0.0,0.0,0,0.7,0.7,28.0,1,0.0,0.0,0.0,0,9.05,2.262,22.75,4,14.1,2.014,26.714,0.0,0.0,0.0,0,0.0,0.0,0.0,0,7.2,2.4,28.667,3,6.9,1.725,25.25,4,18,9,17,12,36,40,-4,1.16,2,0.0,0.0,0.0,0.0,0.0,0.0,0.0,0.0,0.0,0.0,0.0,0.0,0.0,0.0,0.0,0.0,0.0,0.0,0.0,0.0,0.0,0.0,0.0,0.0,0.0,0.0,0.0,0.0,0.0,0.0,0.0,0.0,0.0,0.0,0.0,0.0,0.0,0.0,2,0,0,0,0,0,0,0,0.0,2
Ligue 1,Athlétic Club Arlésien,2010,0.0,0.0,0.0,0.0,0.0,0.0,0,0.0,0.0,0.0,0,0.0,0.0,0.0,0,0.0,0.0,0.0,0,0.5,0.25,26.5,0.0,0.0,0.0,0,0.2,0.2,29.0,1,0.0,0.0,0.0,0,0.3,0.3,24.0,1,20,3,11,24,21,70,-49,0.53,2,0.0,0.0,0.0,0.0,0.0,0.0,0.0,0.0,0.0,0.0,0.0,0.0,0.0,0.0,0.0,0.0,0.0,0.0,0.0,0.0,0.0,0.0,0.0,0.0,0.0,0.0,0.0,0.0,0.0,0.0,0.0,0.0,0.0,0.0,0.0,0.0,0.0,0.0,2,0,0,0,0,0,0,0,0.0,2
Ligue 1,OGC Nice,2010,1.7,0.567,25.333,0.0,0.0,0.0,0,1.4,0.7,22.5,2,0.0,0.0,0.0,0,0.3,0.3,31.0,1,23.0,7.667,22.667,0.0,0.0,0.0,0,4.0,4.0,23.0,1,0.0,0.0,0.0,0,19.0,9.5,22.5,2,17,11,13,14,33,48,-15,1.21,2,8.35,1.392,24.667,0.0,0.0,0.0,0.0,2.1,2.1,24.0,1.0,3.55,1.183,24.667,3.0,2.7,1.35,25.0,2.0,0.6,0.3,25.0,0.0,0.0,0.0,0.0,0.5,0.5,24.0,1.0,0.0,0.0,0.0,0.0,0.1,0.1,26.0,1.0,1,13,10,12,16,39,46,-7,1.11,1
Ligue 1,RC Lens,2010,0.0,0.0,0.0,0.0,0.0,0.0,0,0.0,0.0,0.0,0,0.0,0.0,0.0,0,0.0,0.0,0.0,0,8.315,2.772,25.0,0.0,0.0,0.0,0,0.0,0.0,0.0,0,0.315,0.315,23.0,1,8.0,4.0,26.0,2,19,7,14,17,35,58,-23,0.92,2,0.0,0.0,0.0,0.0,0.0,0.0,0.0,0.0,0.0,0.0,0.0,0.0,0.0,0.0,0.0,0.0,0.0,0.0,0.0,0.0,0.0,0.0,0.0,0.0,0.0,0.0,0.0,0.0,0.0,0.0,0.0,0.0,0.0,0.0,0.0,0.0,0.0,0.0,2,0,0,0,0,0,0,0,0.0,2
Ligue 1,SM Caen,2010,4.2,2.1,22.0,0.0,0.0,0.0,0,0.0,0.0,0.0,0,3.0,3.0,21.0,1,1.2,1.2,23.0,1,0.0,0.0,0.0,0.0,0.0,0.0,0,0.0,0.0,0.0,0,0.0,0.0,0.0,0,0.0,0.0,0.0,0,15,11,13,14,46,51,-5,1.21,2,0.3,0.3,26.0,0.0,0.0,0.0,0.0,0.3,0.3,26.0,1.0,0.0,0.0,0.0,0.0,0.0,0.0,0.0,0.0,9.0,3.0,23.667,0.0,0.0,0.0,0.0,0.0,0.0,0.0,0.0,1.0,1.0,22.0,1.0,8.0,4.0,24.5,2.0,2,18,9,11,18,39,59,-20,1.0,2
Ligue 1,Stade Brestois 29,2010,3.8,0.543,24.429,0.0,0.0,0.0,0,1.6,0.533,23.667,3,1.0,0.5,24.5,2,1.2,0.6,25.5,2,0.0,0.0,0.0,0.0,0.0,0.0,0,0.0,0.0,0.0,0,0.0,0.0,0.0,0,0.0,0.0,0.0,0,16,11,13,14,36,43,-7,1.21,2,2.5,0.625,22.75,0.0,0.0,0.0,0.0,1.3,0.65,20.5,2.0,0.7,0.7,21.0,1.0,0.5,0.5,29.0,1.0,8.0,8.0,23.0,0.0,0.0,0.0,0.0,0.0,0.0,0.0,0.0,0.0,0.0,0.0,0.0,8.0,8.0,23.0,1.0,2,15,8,17,13,31,38,-7,1.08,2
Ligue 1,FC Girondins Bordeaux,2011,4.0,2.0,26.0,0.0,0.0,0.0,0,3.0,3.0,25.0,1,1.0,1.0,27.0,1,0.0,0.0,0.0,0,12.5,4.167,29.333,0.0,0.0,0.0,0,0.0,0.0,0.0,0,12.5,4.167,29.333,3,0.0,0.0,0.0,0,5,16,13,9,53,41,12,1.61,0,2.8,2.8,19.0,0.0,0.0,0.0,0.0,0.0,0.0,0.0,0.0,0.0,0.0,0.0,0.0,2.8,2.8,19.0,1.0,5.5,1.375,24.25,0.0,0.0,0.0,0.0,2.7,1.35,24.5,2.0,0.8,0.8,22.0,1.0,2.0,2.0,26.0,1.0,1,7,13,16,9,40,34,6,1.45,1
Ligue 1,LOSC Lille,2011,23.4,2.925,25.375,0.0,0.0,0.0,0,2.2,0.733,29.0,3,10.5,5.25,27.0,2,10.7,3.567,20.667,3,36.9,5.271,25.429,0.0,0.0,0.0,0,8.0,4.0,25.0,2,6.0,3.0,26.0,2,22.9,7.633,25.333,3,3,21,11,6,72,39,33,1.95,0,22.5,3.75,20.333,0.0,0.0,0.0,0.0,2.5,2.5,19.0,1.0,12.7,6.35,21.0,2.0,7.3,2.433,20.333,3.0,41.2,20.6,24.0,0.0,0.0,0.0,0.0,6.2,6.2,27.0,1.0,0.0,0.0,0.0,0.0,35.0,35.0,21.0,1.0,0,6,16,14,8,59,40,19,1.63,0
Ligue 1,Montpellier HSC,2011,2.0,2.0,27.0,0.0,0.0,0.0,0,2.0,2.0,27.0,1,0.0,0.0,0.0,0,0.0,0.0,0.0,0,2.0,2.0,30.0,0.0,0.0,0.0,0,2.0,2.0,30.0,1,0.0,0.0,0.0,0,0.0,0.0,0.0,0,1,25,7,6,68,34,34,2.16,0,12.5,3.125,24.75,0.0,0.0,0.0,0.0,5.0,5.0,27.0,1.0,0.0,0.0,0.0,0.0,7.5,2.5,24.0,3.0,20.0,10.0,24.0,0.0,0.0,0.0,0.0,8.0,8.0,23.0,1.0,0.0,0.0,0.0,0.0,12.0,12.0,25.0,1.0,1,9,15,7,16,54,51,3,1.37,1
Ligue 1,Olympique Lyon,2011,4.6,1.533,22.333,0.0,0.0,0.0,0,2.8,1.4,23.5,2,1.8,1.8,20.0,1,0.0,0.0,0.0,0,22.0,11.0,24.0,0.0,0.0,0.0,0,0.0,0.0,0.0,0,22.0,11.0,24.0,2,0.0,0.0,0.0,0,4,19,7,12,64,51,13,1.68,0,8.75,2.917,26.667,0.0,0.0,0.0,0.0,5.75,2.875,26.5,2.0,3.0,3.0,27.0,1.0,0.0,0.0,0.0,0.0,30.1,4.3,24.286,12.6,12.6,25.0,1.0,9.0,4.5,23.5,2.0,5.0,1.667,26.0,3.0,3.5,3.5,20.0,1.0,0,3,19,10,9,61,38,23,1.76,0
Ligue 1,Paris Saint-Germain,2011,107.1,9.736,26.273,3.9,3.9,24.0,1,14.7,3.675,29.0,4,69.5,17.375,25.25,4,19.0,9.5,24.0,2,9.4,2.35,23.0,0.0,0.0,0.0,0,0.5,0.5,21.0,1,2.3,1.15,23.5,2,6.6,6.6,24.0,1,2,23,10,5,75,41,34,2.08,0,151.0,25.167,24.5,0.0,0.0,0.0,0.0,48.0,24.0,25.5,2.0,12.0,12.0,19.0,1.0,91.0,30.333,25.667,3.0,4.75,2.375,28.0,0.0,0.0,0.0,0.0,2.75,2.75,28.0,1.0,0.0,0.0,0.0,0.0,2.0,2.0,28.0,1.0,0,1,25,8,5,69,23,46,2.18,0
Ligue 1,Stade Rennais FC,2011,16.8,3.36,25.6,0.0,0.0,0.0,0,1.0,1.0,20.0,1,4.0,4.0,28.0,1,11.8,3.933,26.667,3,5.5,1.375,22.5,0.0,0.0,0.0,0,1.5,1.5,22.0,1,2.5,1.25,23.5,2,1.5,1.5,21.0,1,6,17,9,12,53,44,9,1.58,0,8.7,2.9,22.0,0.0,0.0,0.0,0.0,0.0,0.0,0.0,0.0,6.2,3.1,21.5,2.0,2.5,2.5,23.0,1.0,27.5,3.438,25.375,0.0,0.0,0.0,0.0,3.0,3.0,29.0,1.0,16.0,5.333,23.667,3.0,8.5,2.125,25.75,4.0,1,13,13,7,18,48,59,-11,1.21,1
Ligue 1,AS Nancy-Lorraine,2011,5.35,1.07,23.4,0.8,0.8,25.0,1,0.0,0.0,0.0,0,1.9,0.95,24.0,2,2.65,1.325,22.0,2,9.6,1.6,26.333,0.0,0.0,0.0,0,0.7,0.35,27.5,2,7.2,2.4,24.0,3,1.7,1.7,31.0,1,11,11,12,15,38,48,-10,1.18,1,4.7,1.175,21.25,0.0,0.0,0.0,0.0,1.2,1.2,21.0,1.0,1.5,0.75,21.0,2.0,2.0,2.0,22.0,1.0,6.5,3.25,21.5,0.0,0.0,0.0,0.0,2.5,2.5,20.0,1.0,4.0,4.0,23.0,1.0,0.0,0.0,0.0,0.0,2,18,9,11,18,38,58,-20,1.0,2
Ligue 1,AS Saint-Étienne,2011,16.1,1.61,25.1,3.0,3.0,24.0,1,2.3,1.15,29.0,2,3.3,1.65,25.0,2,7.5,1.5,23.8,5,28.86,3.608,25.0,0.0,0.0,0.0,0,0.46,0.46,32.0,1,18.0,4.5,24.25,4,10.4,3.467,23.667,3,7,16,9,13,49,45,4,1.5,1,4.5,2.25,23.5,0.0,0.0,0.0,0.0,0.5,0.5,22.0,1.0,0.0,0.0,0.0,0.0,4.0,4.0,25.0,1.0,4.6,2.3,22.5,0.0,0.0,0.0,0.0,0.8,0.8,21.0,1.0,0.0,0.0,0.0,0.0,3.8,3.8,24.0,1.0,0,5,16,15,7,60,32,28,1.66,0
Ligue 1,FC Sochaux-Montbéliard,2011,5.25,1.312,20.5,0.0,0.0,0.0,0,3.5,1.75,20.0,2,0.0,0.0,0.0,0,1.75,0.875,21.0,2,11.5,5.75,23.5,0.0,0.0,0.0,0,0.0,0.0,0.0,0,2.5,2.5,25.0,1,9.0,9.0,22.0,1,14,11,9,18,40,60,-20,1.11,1,7.75,1.55,24.0,0.0,0.0,0.0,0.0,0.0,0.0,0.0,0.0,4.75,2.375,24.0,2.0,3.0,1.0,24.0,3.0,16.86,4.215,24.0,0.0,0.0,0.0,0.0,0.75,0.75,28.0,1.0,10.0,10.0,24.0,1.0,6.11,3.055,22.0,2.0,2,15,10,11,17,41,57,-16,1.08,2
Ligue 1,FC Toulouse,2011,13.34,2.668,23.0,0.0,0.0,0.0,0,3.54,1.18,22.0,3,0.0,0.0,0.0,0,9.8,4.9,24.5,2,4.8,1.6,25.333,0.0,0.0,0.0,0,0.45,0.45,29.0,1,0.0,0.0,0.0,0,4.35,2.175,23.5,2,8,15,11,12,37,34,3,1.47,1,1.0,1.0,26.0,0.0,0.0,0.0,0.0,0.0,0.0,0.0,0.0,0.0,0.0,0.0,0.0,1.0,1.0,26.0,1.0,14.1,2.82,25.4,0.0,0.0,0.0,0.0,5.0,5.0,27.0,1.0,4.7,2.35,24.5,2.0,4.4,2.2,25.5,2.0,1,10,13,12,13,49,47,2,1.34,1
Ligue 1,FC Évian Thonon Gaillard,2011,1.85,0.617,24.0,0.35,0.35,29.0,1,0.5,0.5,22.0,1,1.0,1.0,21.0,1,0.0,0.0,0.0,0,0.0,0.0,0.0,0.0,0.0,0.0,0,0.0,0.0,0.0,0,0.0,0.0,0.0,0,0.0,0.0,0.0,0,9,13,11,14,54,55,-1,1.32,1,1.6,0.8,21.5,0.0,0.0,0.0,0.0,0.4,0.4,20.0,1.0,1.2,1.2,23.0,1.0,0.0,0.0,0.0,0.0,0.0,0.0,0.0,0.0,0.0,0.0,0.0,0.0,0.0,0.0,0.0,0.0,0.0,0.0,0.0,0.0,0.0,0.0,0.0,2,16,10,10,18,46,53,-7,1.05,2
Ligue 1,OGC Nice,2011,8.35,1.392,24.667,0.0,0.0,0.0,0,2.1,2.1,24.0,1,3.55,1.183,24.667,3,2.7,1.35,25.0,2,0.6,0.3,25.0,0.0,0.0,0.0,0,0.5,0.5,24.0,1,0.0,0.0,0.0,0,0.1,0.1,26.0,1,13,10,12,16,39,46,-7,1.11,1,6.0,2.0,23.667,0.0,0.0,0.0,0.0,3.0,3.0,23.0,1.0,1.5,1.5,20.0,1.0,1.5,1.5,28.0,1.0,8.7,1.74,24.4,0.0,0.0,0.0,0.0,3.0,3.0,25.0,1.0,1.5,1.5,26.0,1.0,4.2,1.4,23.667,3.0,0,4,18,10,10,57,46,11,1.68,0
Ligue 1,Olympique Marseille,2011,11.0,3.667,25.667,0.0,0.0,0.0,0,6.0,3.0,24.0,2,5.0,5.0,29.0,1,0.0,0.0,0.0,0,0.0,0.0,0.0,0.0,0.0,0.0,0,0.0,0.0,0.0,0,0.0,0.0,0.0,0,0.0,0.0,0.0,0,10,12,12,14,45,41,4,1.26,1,8.7,1.45,25.167,0.4,0.4,18.0,1.0,2.8,1.4,23.5,2.0,2.5,1.25,29.0,2.0,3.0,3.0,28.0,1.0,29.8,5.96,26.0,0.0,0.0,0.0,0.0,8.8,8.8,22.0,1.0,10.5,3.5,27.333,3.0,10.5,10.5,26.0,1.0,0,2,21,8,9,42,36,6,1.87,0
Ligue 1,Valenciennes FC,2011,4.1,1.025,22.5,0.0,0.0,0.0,0,3.1,1.55,21.5,2,1.0,0.5,23.5,2,0.0,0.0,0.0,0,4.2,2.1,23.5,0.0,0.0,0.0,0,3.2,3.2,27.0,1,1.0,1.0,20.0,1,0.0,0.0,0.0,0,12,12,7,19,40,50,-10,1.13,1,3.6,0.9,24.0,0.0,0.0,0.0,0.0,2.3,1.15,20.5,2.0,0.0,0.0,0.0,0.0,1.3,0.65,27.5,2.0,4.0,2.0,27.0,0.0,0.0,0.0,0.0,3.5,3.5,25.0,1.0,0.5,0.5,29.0,1.0,0.0,0.0,0.0,0.0,1,11,12,12,14,49,53,-4,1.26,1
Ligue 1,AC Ajaccio,2011,0.2,0.2,25.0,0.0,0.0,0.0,0,0.0,0.0,0.0,0,0.2,0.2,25.0,1,0.0,0.0,0.0,0,0.0,0.0,0.0,0.0,0.0,0.0,0,0.0,0.0,0.0,0,0.0,0.0,0.0,0,0.0,0.0,0.0,0,16,9,14,15,40,61,-21,1.08,2,0.0,0.0,0.0,0.0,0.0,0.0,0.0,0.0,0.0,0.0,0.0,0.0,0.0,0.0,0.0,0.0,0.0,0.0,0.0,1.0,1.0,27.0,0.0,0.0,0.0,0.0,0.0,0.0,0.0,0.0,1.0,1.0,27.0,1.0,0.0,0.0,0.0,0.0,2,17,9,15,14,39,51,-12,1.05,2
Ligue 1,AJ Auxerre,2011,3.75,1.25,25.333,0.0,0.0,0.0,0,0.0,0.0,0.0,0,1.75,0.875,24.5,2,2.0,2.0,27.0,1,3.5,1.75,30.0,0.0,0.0,0.0,0,2.0,2.0,30.0,1,1.5,1.5,30.0,1,0.0,0.0,0.0,0,20,7,13,18,46,57,-11,0.89,2,0.0,0.0,0.0,0.0,0.0,0.0,0.0,0.0,0.0,0.0,0.0,0.0,0.0,0.0,0.0,0.0,0.0,0.0,0.0,0.0,0.0,0.0,0.0,0.0,0.0,0.0,0.0,0.0,0.0,0.0,0.0,0.0,0.0,0.0,0.0,0.0,0.0,0.0,2,0,0,0,0,0,0,0,0.0,2
Ligue 1,Dijon FCO,2011,5.85,0.836,24.429,0.0,0.0,0.0,0,2.0,1.0,22.0,2,0.8,0.4,23.5,2,3.05,1.017,26.667,3,0.0,0.0,0.0,0.0,0.0,0.0,0,0.0,0.0,0.0,0,0.0,0.0,0.0,0,0.0,0.0,0.0,0,19,9,9,20,38,63,-25,0.95,2,0.0,0.0,0.0,0.0,0.0,0.0,0.0,0.0,0.0,0.0,0.0,0.0,0.0,0.0,0.0,0.0,0.0,0.0,0.0,0.0,0.0,0.0,0.0,0.0,0.0,0.0,0.0,0.0,0.0,0.0,0.0,0.0,0.0,0.0,0.0,0.0,0.0,0.0,2,0,0,0,0,0,0,0,0.0,2
Ligue 1,FC Lorient,2011,11.1,1.85,23.0,0.0,0.0,0.0,0,2.0,2.0,24.0,1,3.5,1.75,22.5,2,5.6,1.867,23.0,3,16.0,5.333,24.333,0.0,0.0,0.0,0,2.5,2.5,27.0,1,0.0,0.0,0.0,0,13.5,6.75,23.0,2,17,9,12,17,35,49,-14,1.03,2,10.0,3.333,22.667,0.0,0.0,0.0,0.0,0.0,0.0,0.0,0.0,10.0,3.333,22.667,3.0,0.0,0.0,0.0,0.0,5.0,2.5,28.0,0.0,0.0,0.0,0.0,0.0,0.0,0.0,0.0,5.0,2.5,28.0,2.0,0.0,0.0,0.0,0.0,1,8,14,11,13,57,58,-1,1.39,1
Ligue 1,SM Caen,2011,0.3,0.3,26.0,0.0,0.0,0.0,0,0.3,0.3,26.0,1,0.0,0.0,0.0,0,0.0,0.0,0.0,0,9.0,3.0,23.667,0.0,0.0,0.0,0,0.0,0.0,0.0,0,1.0,1.0,22.0,1,8.0,4.0,24.5,2,18,9,11,18,39,59,-20,1.0,2,0.0,0.0,0.0,0.0,0.0,0.0,0.0,0.0,0.0,0.0,0.0,0.0,0.0,0.0,0.0,0.0,0.0,0.0,0.0,0.0,0.0,0.0,0.0,0.0,0.0,0.0,0.0,0.0,0.0,0.0,0.0,0.0,0.0,0.0,0.0,0.0,0.0,0.0,2,0,0,0,0,0,0,0,0.0,2
Ligue 1,Stade Brestois 29,2011,2.5,0.625,22.75,0.0,0.0,0.0,0,1.3,0.65,20.5,2,0.7,0.7,21.0,1,0.5,0.5,29.0,1,8.0,8.0,23.0,0.0,0.0,0.0,0,0.0,0.0,0.0,0,0.0,0.0,0.0,0,8.0,8.0,23.0,1,15,8,17,13,31,38,-7,1.08,2,2.45,1.225,24.5,1.2,1.2,27.0,1.0,0.0,0.0,0.0,0.0,0.0,0.0,0.0,0.0,1.25,1.25,22.0,1.0,1.5,0.75,24.5,0.0,0.0,0.0,0.0,0.0,0.0,0.0,0.0,0.5,0.5,23.0,1.0,1.0,1.0,26.0,1.0,2,20,8,5,25,32,62,-30,0.76,2
Ligue 1,AS Saint-Étienne,2012,4.5,2.25,23.5,0.0,0.0,0.0,0,0.5,0.5,22.0,1,0.0,0.0,0.0,0,4.0,4.0,25.0,1,4.6,2.3,22.5,0.0,0.0,0.0,0,0.8,0.8,21.0,1,0.0,0.0,0.0,0,3.8,3.8,24.0,1,5,16,15,7,60,32,28,1.66,0,16.6,2.767,25.0,0.0,0.0,0.0,0.0,7.0,2.333,25.667,3.0,5.0,5.0,26.0,1.0,4.5,4.5,26.0,1.0,42.95,8.59,23.0,0.0,0.0,0.0,0.0,19.6,9.8,20.5,2.0,10.0,10.0,22.0,1.0,13.35,6.675,26.0,2.0,0,4,20,9,9,56,34,22,1.82,0
Ligue 1,LOSC Lille,2012,22.5,3.75,20.333,0.0,0.0,0.0,0,2.5,2.5,19.0,1,12.7,6.35,21.0,2,7.3,2.433,20.333,3,41.2,20.6,24.0,0.0,0.0,0.0,0,6.2,6.2,27.0,1,0.0,0.0,0.0,0,35.0,35.0,21.0,1,6,16,14,8,59,40,19,1.63,0,2.95,1.475,22.5,0.0,0.0,0.0,0.0,2.95,1.475,22.5,2.0,0.0,0.0,0.0,0.0,0.0,0.0,0.0,0.0,42.0,10.5,23.25,0.0,0.0,0.0,0.0,21.3,10.65,23.5,2.0,8.7,8.7,26.0,1.0,12.0,12.0,20.0,1.0,0,3,20,11,7,46,26,20,1.87,0
Ligue 1,OGC Nice,2012,6.0,2.0,23.667,0.0,0.0,0.0,0,3.0,3.0,23.0,1,1.5,1.5,20.0,1,1.5,1.5,28.0,1,8.7,1.74,24.4,0.0,0.0,0.0,0,3.0,3.0,25.0,1,1.5,1.5,26.0,1,4.2,1.4,23.667,3,4,18,10,10,57,46,11,1.68,0,0.0,0.0,0.0,0.0,0.0,0.0,0.0,0.0,0.0,0.0,0.0,0.0,0.0,0.0,0.0,0.0,0.0,0.0,0.0,0.0,0.0,0.0,0.0,0.0,0.0,0.0,0.0,0.0,0.0,0.0,0.0,0.0,0.0,0.0,0.0,0.0,0.0,0.0,2,0,0,0,0,0,0,0,0.0,2
Ligue 1,Olympique Lyon,2012,8.75,2.917,26.667,0.0,0.0,0.0,0,5.75,2.875,26.5,2,3.0,3.0,27.0,1,0.0,0.0,0.0,0,30.1,4.3,24.286,12.6,12.6,25.0,1,9.0,4.5,23.5,2,5.0,1.667,26.0,3,3.5,3.5,20.0,1,3,19,10,9,61,38,23,1.76,0,4.0,1.333,28.667,0.0,0.0,0.0,0.0,3.0,1.5,27.5,2.0,0.0,0.0,0.0,0.0,1.0,1.0,31.0,1.0,24.5,6.125,27.0,0.0,0.0,0.0,0.0,13.3,6.65,24.5,2.0,4.0,4.0,29.0,1.0,7.2,7.2,30.0,1.0,0,5,17,10,11,56,44,12,1.61,0
Ligue 1,Olympique Marseille,2012,8.7,1.45,25.167,0.4,0.4,18.0,1,2.8,1.4,23.5,2,2.5,1.25,29.0,2,3.0,3.0,28.0,1,29.8,5.96,26.0,0.0,0.0,0.0,0,8.8,8.8,22.0,1,10.5,3.5,27.333,3,10.5,10.5,26.0,1,2,21,8,9,42,36,6,1.87,0,39.4,5.629,21.857,0.0,0.0,0.0,0.0,4.0,4.0,18.0,1.0,20.9,5.225,22.25,4.0,14.5,7.25,23.0,2.0,1.05,0.35,24.667,0.0,0.0,0.0,0.0,0.3,0.3,26.0,1.0,0.75,0.375,24.0,2.0,0.0,0.0,0.0,0.0,0,6,16,12,10,53,40,13,1.58,0
Ligue 1,Paris Saint-Germain,2012,151.0,25.167,24.5,0.0,0.0,0.0,0,48.0,24.0,25.5,2,12.0,12.0,19.0,1,91.0,30.333,25.667,3,4.75,2.375,28.0,0.0,0.0,0.0,0,2.75,2.75,28.0,1,0.0,0.0,0.0,0,2.0,2.0,28.0,1,1,25,8,5,69,23,46,2.18,0,135.9,33.975,23.0,0.0,0.0,0.0,0.0,46.4,23.2,19.0,2.0,25.0,25.0,28.0,1.0,64.5,64.5,26.0,1.0,26.5,13.25,24.5,0.0,0.0,0.0,0.0,19.0,19.0,23.0,1.0,0.0,0.0,0.0,0.0,7.5,7.5,26.0,1.0,0,1,27,8,3,84,23,61,2.34,0
Ligue 1,FC Girondins Bordeaux,2012,2.8,2.8,19.0,0.0,0.0,0.0,0,0.0,0.0,0.0,0,0.0,0.0,0.0,0,2.8,2.8,19.0,1,5.5,1.375,24.25,0.0,0.0,0.0,0,2.7,1.35,24.5,2,0.8,0.8,22.0,1,2.0,2.0,26.0,1,7,13,16,9,40,34,6,1.45,1,3.5,3.5,24.0,0.0,0.0,0.0,0.0,3.5,3.5,24.0,1.0,0.0,0.0,0.0,0.0,0.0,0.0,0.0,0.0,11.0,3.667,27.0,0.0,0.0,0.0,0.0,6.5,6.5,27.0,1.0,1.5,1.5,29.0,1.0,3.0,3.0,25.0,1.0,1,7,13,14,11,49,43,6,1.39,1
Ligue 1,FC Lorient,2012,10.0,3.333,22.667,0.0,0.0,0.0,0,0.0,0.0,0.0,0,10.0,3.333,22.667,3,0.0,0.0,0.0,0,5.0,2.5,28.0,0.0,0.0,0.0,0,0.0,0.0,0.0,0,5.0,2.5,28.0,2,0.0,0.0,0.0,0,8,14,11,13,57,58,-1,1.39,1,3.0,1.5,19.0,0.0,0.0,0.0,0.0,2.5,2.5,19.0,1.0,0.5,0.5,19.0,1.0,0.0,0.0,0.0,0.0,12.09,4.03,23.333,0.0,0.0,0.0,0.0,0.0,0.0,0.0,0.0,9.0,4.5,23.0,2.0,3.09,3.09,24.0,1.0,1,8,13,10,15,48,53,-5,1.29,1
Ligue 1,FC Toulouse,2012,1.0,1.0,26.0,0.0,0.0,0.0,0,0.0,0.0,0.0,0,0.0,0.0,0.0,0,1.0,1.0,26.0,1,14.1,2.82,25.4,0.0,0.0,0.0,0,5.0,5.0,27.0,1,4.7,2.35,24.5,2,4.4,2.2,25.5,2,10,13,12,13,49,47,2,1.34,1,13.55,1.694,23.375,1.5,1.5,21.0,1.0,3.3,1.1,23.333,3.0,6.75,2.25,24.667,3.0,2.0,2.0,22.0,1.0,20.7,5.175,26.0,0.0,0.0,0.0,0.0,7.0,3.5,24.5,2.0,11.0,11.0,25.0,1.0,2.7,2.7,30.0,1.0,1,9,12,13,13,46,53,-7,1.29,1
Ligue 1,Montpellier HSC,2012,12.5,3.125,24.75,0.0,0.0,0.0,0,5.0,5.0,27.0,1,0.0,0.0,0.0,0,7.5,2.5,24.0,3,20.0,10.0,24.0,0.0,0.0,0.0,0,8.0,8.0,23.0,1,0.0,0.0,0.0,0,12.0,12.0,25.0,1,9,15,7,16,54,51,3,1.37,1,2.5,0.833,23.0,0.0,0.0,0.0,0.0,1.0,1.0,22.0,1.0,0.7,0.7,18.0,1.0,0.8,0.8,29.0,1.0,14.5,3.625,26.5,0.0,0.0,0.0,0.0,2.0,2.0,29.0,1.0,11.5,5.75,26.5,2.0,1.0,1.0,24.0,1.0,2,15,8,18,12,45,53,-8,1.11,2
Ligue 1,SC Bastia,2012,0.0,0.0,0.0,0.0,0.0,0.0,0,0.0,0.0,0.0,0,0.0,0.0,0.0,0,0.0,0.0,0.0,0,7.5,3.75,20.5,0.0,0.0,0.0,0,0.0,0.0,0.0,0,4.0,4.0,21.0,1,3.5,3.5,20.0,1,12,13,8,17,50,66,-16,1.24,1,1.8,0.9,25.5,0.0,0.0,0.0,0.0,0.0,0.0,0.0,0.0,1.0,1.0,23.0,1.0,0.8,0.8,28.0,1.0,2.2,2.2,24.0,0.0,0.0,0.0,0.0,0.0,0.0,0.0,0.0,2.2,2.2,24.0,1.0,0.0,0.0,0.0,0.0,1,10,13,10,15,42,56,-14,1.29,1
Ligue 1,Stade Reims,2012,3.35,0.838,23.75,0.0,0.0,0.0,0,0.0,0.0,0.0,0,1.65,0.825,23.0,2,1.7,0.85,24.5,2,0.0,0.0,0.0,0.0,0.0,0.0,0,0.0,0.0,0.0,0,0.0,0.0,0.0,0,0.0,0.0,0.0,0,14,10,13,15,33,42,-9,1.13,1,3.13,0.782,23.5,0.0,0.0,0.0,0.0,0.03,0.03,21.0,1.0,0.6,0.6,23.0,1.0,2.5,1.25,25.0,2.0,0.0,0.0,0.0,0.0,0.0,0.0,0.0,0.0,0.0,0.0,0.0,0.0,0.0,0.0,0.0,0.0,0.0,0.0,0.0,1,11,12,12,14,44,52,-8,1.26,1
Ligue 1,Stade Rennais FC,2012,8.7,2.9,22.0,0.0,0.0,0.0,0,0.0,0.0,0.0,0,6.2,3.1,21.5,2,2.5,2.5,23.0,1,27.5,3.438,25.375,0.0,0.0,0.0,0,3.0,3.0,29.0,1,16.0,5.333,23.667,3,8.5,2.125,25.75,4,13,13,7,18,48,59,-11,1.21,1,15.05,1.881,25.375,0.0,0.0,0.0,0.0,2.0,2.0,25.0,1.0,5.75,1.917,28.667,3.0,7.3,1.825,23.0,4.0,16.6,2.371,24.143,0.0,0.0,0.0,0.0,8.5,2.833,22.333,3.0,0.0,0.0,0.0,0.0,8.1,2.025,25.5,4.0,1,12,11,13,14,47,45,2,1.21,1
Ligue 1,Valenciennes FC,2012,3.6,0.9,24.0,0.0,0.0,0.0,0,2.3,1.15,20.5,2,0.0,0.0,0.0,0,1.3,0.65,27.5,2,4.0,2.0,27.0,0.0,0.0,0.0,0,3.5,3.5,25.0,1,0.5,0.5,29.0,1,0.0,0.0,0.0,0,11,12,12,14,49,53,-4,1.26,1,1.2,0.6,22.5,0.0,0.0,0.0,0.0,0.5,0.5,23.0,1.0,0.0,0.0,0.0,0.0,0.7,0.7,22.0,1.0,6.0,2.0,25.667,0.0,0.0,0.0,0.0,5.0,2.5,23.0,2.0,0.0,0.0,0.0,0.0,1.0,1.0,31.0,1.0,2,19,7,8,23,37,65,-28,0.76,2
Ligue 1,AC Ajaccio,2012,0.0,0.0,0.0,0.0,0.0,0.0,0,0.0,0.0,0.0,0,0.0,0.0,0.0,0,0.0,0.0,0.0,0,1.0,1.0,27.0,0.0,0.0,0.0,0,0.0,0.0,0.0,0,1.0,1.0,27.0,1,0.0,0.0,0.0,0,17,9,15,14,39,51,-12,1.05,2,0.0,0.0,0.0,0.0,0.0,0.0,0.0,0.0,0.0,0.0,0.0,0.0,0.0,0.0,0.0,0.0,0.0,0.0,0.0,0.0,0.0,0.0,0.0,0.0,0.0,0.0,0.0,0.0,0.0,0.0,0.0,0.0,0.0,0.0,0.0,0.0,0.0,0.0,2,0,0,0,0,0,0,0,0.0,2
Ligue 1,AS Nancy-Lorraine,2012,4.7,1.175,21.25,0.0,0.0,0.0,0,1.2,1.2,21.0,1,1.5,0.75,21.0,2,2.0,2.0,22.0,1,6.5,3.25,21.5,0.0,0.0,0.0,0,2.5,2.5,20.0,1,4.0,4.0,23.0,1,0.0,0.0,0.0,0,18,9,11,18,38,58,-20,1.0,2,0.0,0.0,0.0,0.0,0.0,0.0,0.0,0.0,0.0,0.0,0.0,0.0,0.0,0.0,0.0,0.0,0.0,0.0,0.0,0.0,0.0,0.0,0.0,0.0,0.0,0.0,0.0,0.0,0.0,0.0,0.0,0.0,0.0,0.0,0.0,0.0,0.0,0.0,2,0,0,0,0,0,0,0,0.0,2
Ligue 1,ESTAC Troyes,2012,0.5,0.5,20.0,0.0,0.0,0.0,0,0.5,0.5,20.0,1,0.0,0.0,0.0,0,0.0,0.0,0.0,0,4.45,1.483,24.0,0.0,0.0,0.0,0,2.5,2.5,19.0,1,1.2,1.2,29.0,1,0.75,0.75,24.0,1,19,8,13,17,43,61,-18,0.97,2,0.0,0.0,0.0,0.0,0.0,0.0,0.0,0.0,0.0,0.0,0.0,0.0,0.0,0.0,0.0,0.0,0.0,0.0,0.0,0.0,0.0,0.0,0.0,0.0,0.0,0.0,0.0,0.0,0.0,0.0,0.0,0.0,0.0,0.0,0.0,0.0,0.0,0.0,2,0,0,0,0,0,0,0,0.0,2
Ligue 1,FC Sochaux-Montbéliard,2012,7.75,1.55,24.0,0.0,0.0,0.0,0,0.0,0.0,0.0,0,4.75,2.375,24.0,2,3.0,1.0,24.0,3,16.86,4.215,24.0,0.0,0.0,0.0,0,0.75,0.75,28.0,1,10.0,10.0,24.0,1,6.11,3.055,22.0,2,15,10,11,17,41,57,-16,1.08,2,3.15,1.05,24.667,0.0,0.0,0.0,0.0,1.4,0.7,25.0,2.0,1.75,1.75,24.0,1.0,0.0,0.0,0.0,0.0,2.5,1.25,23.5,0.0,0.0,0.0,0.0,0.0,0.0,0.0,0.0,1.0,1.0,23.0,1.0,1.5,1.5,24.0,1.0,2,18,10,10,18,37,61,-24,1.05,2
Ligue 1,FC Évian Thonon Gaillard,2012,1.6,0.8,21.5,0.0,0.0,0.0,0,0.4,0.4,20.0,1,1.2,1.2,23.0,1,0.0,0.0,0.0,0,0.0,0.0,0.0,0.0,0.0,0.0,0,0.0,0.0,0.0,0,0.0,0.0,0.0,0,0.0,0.0,0.0,0,16,10,10,18,46,53,-7,1.05,2,2.6,0.867,24.333,0.0,0.0,0.0,0.0,0.3,0.3,26.0,1.0,0.8,0.8,25.0,1.0,1.5,1.5,22.0,1.0,8.5,1.7,23.6,0.0,0.0,0.0,0.0,0.5,0.5,21.0,1.0,3.7,1.85,23.0,2.0,4.3,2.15,25.5,2.0,1,14,11,11,16,39,51,-12,1.16,1
Ligue 1,Stade Brestois 29,2012,2.45,1.225,24.5,1.2,1.2,27.0,1,0.0,0.0,0.0,0,0.0,0.0,0.0,0,1.25,1.25,22.0,1,1.5,0.75,24.5,0.0,0.0,0.0,0,0.0,0.0,0.0,0,0.5,0.5,23.0,1,1.0,1.0,26.0,1,20,8,5,25,32,62,-30,0.76,2,0.0,0.0,0.0,0.0,0.0,0.0,0.0,0.0,0.0,0.0,0.0,0.0,0.0,0.0,0.0,0.0,0.0,0.0,0.0,0.0,0.0,0.0,0.0,0.0,0.0,0.0,0.0,0.0,0.0,0.0,0.0,0.0,0.0,0.0,0.0,0.0,0.0,0.0,2,0,0,0,0,0,0,0,0.0,2
Ligue 1,AS Monaco,2013,160.7,16.07,22.8,0.0,0.0,0.0,0,7.7,2.567,21.667,3,95.0,23.75,24.0,4,58.0,19.333,22.333,3,5.55,1.85,27.333,0.0,0.0,0.0,0,0.0,0.0,0.0,0,1.8,0.9,27.5,2,3.75,3.75,27.0,1,2,23,11,4,63,31,32,2.11,0,39.75,9.938,20.75,3.0,3.0,20.0,1.0,13.0,13.0,24.0,1.0,23.75,11.875,19.5,2.0,0.0,0.0,0.0,0.0,89.12,22.28,25.25,0.0,0.0,0.0,0.0,0.2,0.2,26.0,1.0,75.0,75.0,23.0,1.0,13.92,6.96,26.0,2.0,0,3,20,11,7,51,26,25,1.87,0
Ligue 1,AS Saint-Étienne,2013,16.6,2.767,25.0,0.0,0.0,0.0,0,7.0,2.333,25.667,3,5.0,5.0,26.0,1,4.5,4.5,26.0,1,42.95,8.59,23.0,0.0,0.0,0.0,0,19.6,9.8,20.5,2,10.0,10.0,22.0,1,13.35,6.675,26.0,2,4,20,9,9,56,34,22,1.82,0,4.0,4.0,24.0,0.0,0.0,0.0,0.0,0.0,0.0,0.0,0.0,0.0,0.0,0.0,0.0,4.0,4.0,24.0,1.0,0.0,0.0,0.0,0.0,0.0,0.0,0.0,0.0,0.0,0.0,0.0,0.0,0.0,0.0,0.0,0.0,0.0,0.0,0.0,0,5,19,12,7,51,30,21,1.82,0
Ligue 1,LOSC Lille,2013,2.95,1.475,22.5,0.0,0.0,0.0,0,2.95,1.475,22.5,2,0.0,0.0,0.0,0,0.0,0.0,0.0,0,42.0,10.5,23.25,0.0,0.0,0.0,0,21.3,10.65,23.5,2,8.7,8.7,26.0,1,12.0,12.0,20.0,1,3,20,11,7,46,26,20,1.87,0,7.8,2.6,21.333,0.0,0.0,0.0,0.0,1.8,1.8,23.0,1.0,0.0,0.0,0.0,0.0,6.0,3.0,20.5,2.0,19.73,6.577,24.0,0.0,0.0,0.0,0.0,5.3,5.3,24.0,1.0,0.0,0.0,0.0,0.0,14.43,7.215,24.0,2.0,1,8,16,8,14,43,42,1,1.47,1
Ligue 1,Olympique Lyon,2013,4.0,1.333,28.667,0.0,0.0,0.0,0,3.0,1.5,27.5,2,0.0,0.0,0.0,0,1.0,1.0,31.0,1,24.5,6.125,27.0,0.0,0.0,0.0,0,13.3,6.65,24.5,2,4.0,4.0,29.0,1,7.2,7.2,30.0,1,5,17,10,11,56,44,12,1.61,0,5.65,1.883,23.333,0.0,0.0,0.0,0.0,3.0,1.5,26.0,2.0,0.0,0.0,0.0,0.0,2.65,2.65,18.0,1.0,1.5,0.75,20.5,0.0,0.0,0.0,0.0,1.0,1.0,20.0,1.0,0.0,0.0,0.0,0.0,0.5,0.5,21.0,1.0,0,2,22,9,7,72,33,39,1.97,0
Ligue 1,Olympique Marseille,2013,39.4,5.629,21.857,0.0,0.0,0.0,0,4.0,4.0,18.0,1,20.9,5.225,22.25,4,14.5,7.25,23.0,2,1.05,0.35,24.667,0.0,0.0,0.0,0,0.3,0.3,26.0,1,0.75,0.375,24.0,2,0.0,0.0,0.0,0,6,16,12,10,53,40,13,1.58,0,20.5,5.125,22.25,0.0,0.0,0.0,0.0,5.0,5.0,19.0,1.0,4.5,4.5,25.0,1.0,11.0,5.5,22.5,2.0,17.5,3.5,25.8,0.0,0.0,0.0,0.0,5.0,5.0,24.0,1.0,8.0,4.0,29.0,2.0,4.5,2.25,23.5,2.0,0,4,21,6,11,76,42,34,1.82,0
Ligue 1,Paris Saint-Germain,2013,135.9,33.975,23.0,0.0,0.0,0.0,0,46.4,23.2,19.0,2,25.0,25.0,28.0,1,64.5,64.5,26.0,1,26.5,13.25,24.5,0.0,0.0,0.0,0,19.0,19.0,23.0,1,0.0,0.0,0.0,0,7.5,7.5,26.0,1,1,27,8,3,84,23,61,2.34,0,49.5,49.5,27.0,0.0,0.0,0.0,0.0,49.5,49.5,27.0,1.0,0.0,0.0,0.0,0.0,0.0,0.0,0.0,0.0,2.2,1.1,28.5,0.0,0.0,0.0,0.0,1.5,1.5,30.0,1.0,0.7,0.7,27.0,1.0,0.0,0.0,0.0,0.0,0,1,24,11,3,83,36,47,2.18,0
Ligue 1,FC Girondins Bordeaux,2013,3.5,3.5,24.0,0.0,0.0,0.0,0,3.5,3.5,24.0,1,0.0,0.0,0.0,0,0.0,0.0,0.0,0,11.0,3.667,27.0,0.0,0.0,0.0,0,6.5,6.5,27.0,1,1.5,1.5,29.0,1,3.0,3.0,25.0,1,7,13,14,11,49,43,6,1.39,1,7.7,1.54,24.4,0.0,0.0,0.0,0.0,1.5,0.75,25.0,2.0,0.7,0.7,27.0,1.0,5.5,2.75,22.5,2.0,4.5,2.25,22.5,0.0,0.0,0.0,0.0,3.5,3.5,25.0,1.0,0.0,0.0,0.0,0.0,1.0,1.0,20.0,1.0,0,6,17,12,9,47,44,3,1.66,0
Ligue 1,FC Lorient,2013,3.0,1.5,19.0,0.0,0.0,0.0,0,2.5,2.5,19.0,1,0.5,0.5,19.0,1,0.0,0.0,0.0,0,12.09,4.03,23.333,0.0,0.0,0.0,0,0.0,0.0,0.0,0,9.0,4.5,23.0,2,3.09,3.09,24.0,1,8,13,10,15,48,53,-5,1.29,1,8.45,2.112,22.5,0.0,0.0,0.0,0.0,0.0,0.0,0.0,0.0,0.95,0.95,20.0,1.0,7.5,2.5,23.333,3.0,19.2,4.8,25.25,0.0,0.0,0.0,0.0,6.3,6.3,26.0,1.0,0.2,0.2,22.0,1.0,12.7,6.35,26.5,2.0,2,16,12,7,19,44,50,-6,1.13,2
Ligue 1,FC Nantes,2013,3.35,0.67,26.6,0.0,0.0,0.0,0,1.2,0.6,29.0,2,0.8,0.8,26.0,1,1.35,0.675,24.5,2,0.5,0.5,29.0,0.0,0.0,0.0,0,0.5,0.5,29.0,1,0.0,0.0,0.0,0,0.0,0.0,0.0,0,13,12,10,16,38,43,-5,1.21,1,0.42,0.42,27.0,0.0,0.0,0.0,0.0,0.0,0.0,0.0,0.0,0.0,0.0,0.0,0.0,0.42,0.42,27.0,1.0,0.0,0.0,0.0,0.0,0.0,0.0,0.0,0.0,0.0,0.0,0.0,0.0,0.0,0.0,0.0,0.0,0.0,0.0,0.0,1,14,11,12,15,29,40,-11,1.18,1
Ligue 1,FC Toulouse,2013,13.55,1.694,23.375,1.5,1.5,21.0,1,3.3,1.1,23.333,3,6.75,2.25,24.667,3,2.0,2.0,22.0,1,20.7,5.175,26.0,0.0,0.0,0.0,0,7.0,3.5,24.5,2,11.0,11.0,25.0,1,2.7,2.7,30.0,1,9,12,13,13,46,53,-7,1.29,1,3.0,1.0,24.667,0.0,0.0,0.0,0.0,1.0,1.0,27.0,1.0,1.2,1.2,25.0,1.0,0.8,0.8,22.0,1.0,13.7,6.85,25.5,0.0,0.0,0.0,0.0,13.0,13.0,24.0,1.0,0.0,0.0,0.0,0.0,0.7,0.7,27.0,1.0,2,17,12,6,20,43,64,-21,1.11,2
Ligue 1,FC Évian Thonon Gaillard,2013,2.6,0.867,24.333,0.0,0.0,0.0,0,0.3,0.3,26.0,1,0.8,0.8,25.0,1,1.5,1.5,22.0,1,8.5,1.7,23.6,0.0,0.0,0.0,0,0.5,0.5,21.0,1,3.7,1.85,23.0,2,4.3,2.15,25.5,2,14,11,11,16,39,51,-12,1.16,1,2.25,1.125,25.5,0.25,0.25,25.0,1.0,0.0,0.0,0.0,0.0,0.0,0.0,0.0,0.0,2.0,2.0,26.0,1.0,3.0,3.0,26.0,0.0,0.0,0.0,0.0,0.0,0.0,0.0,0.0,0.0,0.0,0.0,0.0,3.0,3.0,26.0,1.0,2,18,11,4,23,41,62,-21,0.97,2
Ligue 1,SC Bastia,2013,1.8,0.9,25.5,0.0,0.0,0.0,0,0.0,0.0,0.0,0,1.0,1.0,23.0,1,0.8,0.8,28.0,1,2.2,2.2,24.0,0.0,0.0,0.0,0,0.0,0.0,0.0,0,2.2,2.2,24.0,1,0.0,0.0,0.0,0,10,13,10,15,42,56,-14,1.29,1,0.1,0.1,19.0,0.0,0.0,0.0,0.0,0.0,0.0,0.0,0.0,0.0,0.0,0.0,0.0,0.1,0.1,19.0,1.0,2.0,2.0,23.0,0.0,0.0,0.0,0.0,0.0,0.0,0.0,0.0,0.0,0.0,0.0,0.0,2.0,2.0,23.0,1.0,1,12,12,11,15,37,46,-9,1.24,1
Ligue 1,Stade Reims,2013,3.13,0.782,23.5,0.0,0.0,0.0,0,0.03,0.03,21.0,1,0.6,0.6,23.0,1,2.5,1.25,25.0,2,0.0,0.0,0.0,0.0,0.0,0.0,0,0.0,0.0,0.0,0,0.0,0.0,0.0,0,0.0,0.0,0.0,0,11,12,12,14,44,52,-8,1.26,1,0.0,0.0,0.0,0.0,0.0,0.0,0.0,0.0,0.0,0.0,0.0,0.0,0.0,0.0,0.0,0.0,0.0,0.0,0.0,5.5,5.5,24.0,0.0,0.0,0.0,0.0,0.0,0.0,0.0,0.0,5.5,5.5,24.0,1.0,0.0,0.0,0.0,0.0,2,15,12,8,18,47,66,-19,1.16,2
Ligue 1,Stade Rennais FC,2013,15.05,1.881,25.375,0.0,0.0,0.0,0,2.0,2.0,25.0,1,5.75,1.917,28.667,3,7.3,1.825,23.0,4,16.6,2.371,24.143,0.0,0.0,0.0,0,8.5,2.833,22.333,3,0.0,0.0,0.0,0,8.1,2.025,25.5,4,12,11,13,14,47,45,2,1.21,1,15.14,1.514,23.5,0.3,0.3,18.0,1.0,7.44,1.86,23.5,4.0,2.6,1.3,23.5,2.0,4.8,1.6,25.333,3.0,20.5,5.125,23.25,0.0,0.0,0.0,0.0,2.5,2.5,21.0,1.0,8.0,8.0,19.0,1.0,10.0,5.0,26.5,2.0,1,9,13,11,14,35,42,-7,1.32,1
Ligue 1,EA Guingamp,2013,1.2,0.6,24.0,0.0,0.0,0.0,0,0.0,0.0,0.0,0,0.7,0.7,23.0,1,0.5,0.5,25.0,1,7.5,7.5,20.0,0.0,0.0,0.0,0,0.0,0.0,0.0,0,7.5,7.5,20.0,1,0.0,0.0,0.0,0,16,11,9,18,34,42,-8,1.11,2,2.56,0.853,25.667,0.5,0.5,25.0,1.0,0.0,0.0,0.0,0.0,0.16,0.16,28.0,1.0,1.9,1.9,24.0,1.0,2.5,2.5,28.0,0.0,0.0,0.0,0.0,0.0,0.0,0.0,0.0,0.0,0.0,0.0,0.0,2.5,2.5,28.0,1.0,1,10,15,4,19,41,55,-14,1.29,1
Ligue 1,FC Sochaux-Montbéliard,2013,3.15,1.05,24.667,0.0,0.0,0.0,0,1.4,0.7,25.0,2,1.75,1.75,24.0,1,0.0,0.0,0.0,0,2.5,1.25,23.5,0.0,0.0,0.0,0,0.0,0.0,0.0,0,1.0,1.0,23.0,1,1.5,1.5,24.0,1,18,10,10,18,37,61,-24,1.05,2,0.0,0.0,0.0,0.0,0.0,0.0,0.0,0.0,0.0,0.0,0.0,0.0,0.0,0.0,0.0,0.0,0.0,0.0,0.0,0.0,0.0,0.0,0.0,0.0,0.0,0.0,0.0,0.0,0.0,0.0,0.0,0.0,0.0,0.0,0.0,0.0,0.0,0.0,2,0,0,0,0,0,0,0,0.0,2
Ligue 1,Montpellier HSC,2013,2.5,0.833,23.0,0.0,0.0,0.0,0,1.0,1.0,22.0,1,0.7,0.7,18.0,1,0.8,0.8,29.0,1,14.5,3.625,26.5,0.0,0.0,0.0,0,2.0,2.0,29.0,1,11.5,5.75,26.5,2,1.0,1.0,24.0,1,15,8,18,12,45,53,-8,1.11,2,4.0,1.333,23.667,0.0,0.0,0.0,0.0,0.0,0.0,0.0,0.0,0.5,0.5,24.0,1.0,3.5,1.75,23.5,2.0,15.9,7.95,24.0,0.0,0.0,0.0,0.0,0.0,0.0,0.0,0.0,15.9,7.95,24.0,2.0,0.0,0.0,0.0,0.0,1,7,16,8,14,46,39,7,1.47,1
Ligue 1,Valenciennes FC,2013,1.2,0.6,22.5,0.0,0.0,0.0,0,0.5,0.5,23.0,1,0.0,0.0,0.0,0,0.7,0.7,22.0,1,6.0,2.0,25.667,0.0,0.0,0.0,0,5.0,2.5,23.0,2,0.0,0.0,0.0,0,1.0,1.0,31.0,1,19,7,8,23,37,65,-28,0.76,2,0.0,0.0,0.0,0.0,0.0,0.0,0.0,0.0,0.0,0.0,0.0,0.0,0.0,0.0,0.0,0.0,0.0,0.0,0.0,0.0,0.0,0.0,0.0,0.0,0.0,0.0,0.0,0.0,0.0,0.0,0.0,0.0,0.0,0.0,0.0,0.0,0.0,0.0,2,0,0,0,0,0,0,0,0.0,2
Ligue 1,AS Monaco,2014,39.75,9.938,20.75,3.0,3.0,20.0,1,13.0,13.0,24.0,1,23.75,11.875,19.5,2,0.0,0.0,0.0,0,89.12,22.28,25.25,0.0,0.0,0.0,0,0.2,0.2,26.0,1,75.0,75.0,23.0,1,13.92,6.96,26.0,2,3,20,11,7,51,26,25,1.87,0,101.06,7.219,21.0,0.0,0.0,0.0,0.0,11.0,11.0,23.0,1.0,41.56,6.927,19.5,6.0,48.5,6.929,22.0,7.0,175.4,19.489,22.556,0.0,0.0,0.0,0.0,49.4,16.467,23.667,3.0,36.0,36.0,22.0,1.0,90.0,18.0,22.0,5.0,0,3,17,14,7,57,50,7,1.71,0
Ligue 1,AS Saint-Étienne,2014,4.0,4.0,24.0,0.0,0.0,0.0,0,0.0,0.0,0.0,0,0.0,0.0,0.0,0,4.0,4.0,24.0,1,0.0,0.0,0.0,0.0,0.0,0.0,0,0.0,0.0,0.0,0,0.0,0.0,0.0,0,0.0,0.0,0.0,0,5,19,12,7,51,30,21,1.82,0,20.3,2.537,23.5,0.0,0.0,0.0,0.0,2.5,1.25,24.5,2.0,5.7,2.85,21.0,2.0,12.1,3.025,24.25,4.0,23.2,5.8,24.75,0.0,0.0,0.0,0.0,4.9,4.9,26.0,1.0,0.0,0.0,0.0,0.0,18.3,6.1,24.333,3.0,0,6,17,7,14,42,37,5,1.53,0
Ligue 1,FC Girondins Bordeaux,2014,7.7,1.54,24.4,0.0,0.0,0.0,0,1.5,0.75,25.0,2,0.7,0.7,27.0,1,5.5,2.75,22.5,2,4.5,2.25,22.5,0.0,0.0,0.0,0,3.5,3.5,25.0,1,0.0,0.0,0.0,0,1.0,1.0,20.0,1,6,17,12,9,47,44,3,1.66,0,11.0,2.75,20.25,0.0,0.0,0.0,0.0,3.0,1.5,21.5,2.0,3.0,3.0,20.0,1.0,5.0,5.0,18.0,1.0,22.3,5.575,25.5,0.0,0.0,0.0,0.0,3.5,3.5,29.0,1.0,6.0,6.0,25.0,1.0,12.8,6.4,24.0,2.0,1,11,12,14,12,50,57,-7,1.32,1
Ligue 1,Olympique Lyon,2014,5.65,1.883,23.333,0.0,0.0,0.0,0,3.0,1.5,26.0,2,0.0,0.0,0.0,0,2.65,2.65,18.0,1,1.5,0.75,20.5,0.0,0.0,0.0,0,1.0,1.0,20.0,1,0.0,0.0,0.0,0,0.5,0.5,21.0,1,2,22,9,7,72,33,39,1.97,0,41.1,5.871,23.714,0.0,0.0,0.0,0.0,12.6,6.3,25.5,2.0,22.5,5.625,22.0,4.0,6.0,6.0,27.0,1.0,26.8,4.467,22.167,0.0,0.0,0.0,0.0,1.0,1.0,23.0,1.0,4.5,2.25,20.0,2.0,21.3,7.1,23.333,3.0,0,2,19,8,11,67,43,24,1.71,0
Ligue 1,Olympique Marseille,2014,20.5,5.125,22.25,0.0,0.0,0.0,0,5.0,5.0,19.0,1,4.5,4.5,25.0,1,11.0,5.5,22.5,2,17.5,3.5,25.8,0.0,0.0,0.0,0,5.0,5.0,24.0,1,8.0,4.0,29.0,2,4.5,2.25,23.5,2,4,21,6,11,76,42,34,1.82,0,19.75,2.469,23.375,0.0,0.0,0.0,0.0,9.5,2.375,25.0,4.0,1.25,0.625,23.5,2.0,9.0,4.5,20.0,2.0,54.45,10.89,24.8,0.0,0.0,0.0,0.0,0.0,0.0,0.0,0.0,36.1,9.025,25.5,4.0,18.35,18.35,22.0,1.0,1,13,10,18,10,48,42,6,1.26,1
Ligue 1,Paris Saint-Germain,2014,49.5,49.5,27.0,0.0,0.0,0.0,0,49.5,49.5,27.0,1,0.0,0.0,0.0,0,0.0,0.0,0.0,0,2.2,1.1,28.5,0.0,0.0,0.0,0,1.5,1.5,30.0,1,0.7,0.7,27.0,1,0.0,0.0,0.0,0,1,24,11,3,83,36,47,2.18,0,116.1,23.22,24.0,9.5,9.5,25.0,1.0,35.0,17.5,22.0,2.0,8.6,8.6,24.0,1.0,63.0,63.0,27.0,1.0,22.9,5.725,25.25,1.0,1.0,20.0,1.0,2.5,2.5,22.0,1.0,13.9,13.9,29.0,1.0,5.5,5.5,30.0,1.0,0,1,30,6,2,102,19,83,2.53,0
Ligue 1,EA Guingamp,2014,2.56,0.853,25.667,0.5,0.5,25.0,1,0.0,0.0,0.0,0,0.16,0.16,28.0,1,1.9,1.9,24.0,1,2.5,2.5,28.0,0.0,0.0,0.0,0,0.0,0.0,0.0,0,0.0,0.0,0.0,0,2.5,2.5,28.0,1,10,15,4,19,41,55,-14,1.29,1,1.95,0.975,24.5,0.0,0.0,0.0,0.0,0.0,0.0,0.0,0.0,0.0,0.0,0.0,0.0,1.95,0.975,24.5,2.0,6.0,6.0,27.0,0.0,0.0,0.0,0.0,0.0,0.0,0.0,0.0,0.0,0.0,0.0,0.0,6.0,6.0,27.0,1.0,2,16,11,11,16,47,56,-9,1.16,2
Ligue 1,FC Nantes,2014,0.42,0.42,27.0,0.0,0.0,0.0,0,0.0,0.0,0.0,0,0.0,0.0,0.0,0,0.42,0.42,27.0,1,0.0,0.0,0.0,0.0,0.0,0.0,0,0.0,0.0,0.0,0,0.0,0.0,0.0,0,0.0,0.0,0.0,0,14,11,12,15,29,40,-11,1.18,1,7.0,1.4,26.6,0.0,0.0,0.0,0.0,0.0,0.0,0.0,0.0,3.0,1.0,28.0,3.0,4.0,2.0,24.5,2.0,17.55,2.507,24.857,0.0,0.0,0.0,0.0,5.55,1.388,26.25,4.0,10.5,5.25,24.5,2.0,1.5,1.5,20.0,1.0,1,14,12,12,14,33,44,-11,1.26,1
Ligue 1,LOSC Lille,2014,7.8,2.6,21.333,0.0,0.0,0.0,0,1.8,1.8,23.0,1,0.0,0.0,0.0,0,6.0,3.0,20.5,2,19.73,6.577,24.0,0.0,0.0,0.0,0,5.3,5.3,24.0,1,0.0,0.0,0.0,0,14.43,7.215,24.0,2,8,16,8,14,43,42,1,1.47,1,12.9,1.612,21.375,1.0,1.0,20.0,1.0,0.0,0.0,0.0,0.0,3.0,1.5,21.0,2.0,8.9,1.78,21.8,5.0,35.25,5.875,25.167,0.0,0.0,0.0,0.0,7.65,7.65,26.0,1.0,23.6,7.867,24.667,3.0,4.0,2.0,25.5,2.0,0,5,15,15,8,39,27,12,1.58,0
Ligue 1,Montpellier HSC,2014,4.0,1.333,23.667,0.0,0.0,0.0,0,0.0,0.0,0.0,0,0.5,0.5,24.0,1,3.5,1.75,23.5,2,15.9,7.95,24.0,0.0,0.0,0.0,0,0.0,0.0,0.0,0,15.9,7.95,24.0,2,0.0,0.0,0.0,0,7,16,8,14,46,39,7,1.47,1,2.725,0.908,25.333,0.0,0.0,0.0,0.0,0.0,0.0,0.0,0.0,1.7,1.7,25.0,1.0,1.025,0.512,25.5,2.0,4.0,2.0,26.0,0.0,0.0,0.0,0.0,2.0,2.0,25.0,1.0,0.0,0.0,0.0,0.0,2.0,2.0,27.0,1.0,1,12,14,7,17,49,47,2,1.29,1
Ligue 1,OGC Nice,2014,1.3,0.65,22.5,0.0,0.0,0.0,0,0.8,0.8,24.0,1,0.0,0.0,0.0,0,0.5,0.5,21.0,1,7.4,2.467,24.667,4.0,4.0,25.0,1,3.0,3.0,22.0,1,0.0,0.0,0.0,0,0.4,0.4,27.0,1,11,13,9,16,44,53,-9,1.26,1,4.1,1.025,23.25,0.0,0.0,0.0,0.0,0.6,0.6,25.0,1.0,2.0,1.0,21.5,2.0,1.5,1.5,25.0,1.0,14.0,4.667,22.0,0.0,0.0,0.0,0.0,11.0,11.0,21.0,1.0,0.0,0.0,0.0,0.0,3.0,1.5,22.5,2.0,0,4,18,9,11,58,41,17,1.66,0
Ligue 1,SC Bastia,2014,0.1,0.1,19.0,0.0,0.0,0.0,0,0.0,0.0,0.0,0,0.0,0.0,0.0,0,0.1,0.1,19.0,1,2.0,2.0,23.0,0.0,0.0,0.0,0,0.0,0.0,0.0,0,0.0,0.0,0.0,0,2.0,2.0,23.0,1,12,12,11,15,37,46,-9,1.24,1,0.0,0.0,0.0,0.0,0.0,0.0,0.0,0.0,0.0,0.0,0.0,0.0,0.0,0.0,0.0,0.0,0.0,0.0,0.0,1.7,1.7,25.0,0.0,0.0,0.0,0.0,0.0,0.0,0.0,0.0,1.7,1.7,25.0,1.0,0.0,0.0,0.0,0.0,1,10,14,8,16,36,42,-6,1.32,1
Ligue 1,SM Caen,2014,0.8,0.4,25.5,0.0,0.0,0.0,0,0.3,0.3,26.0,1,0.0,0.0,0.0,0,0.5,0.5,25.0,1,0.0,0.0,0.0,0.0,0.0,0.0,0,0.0,0.0,0.0,0,0.0,0.0,0.0,0,0.0,0.0,0.0,0,13,12,10,16,54,55,-1,1.21,1,6.05,1.008,24.167,0.0,0.0,0.0,0.0,0.05,0.05,23.0,1.0,2.6,1.3,25.5,2.0,3.4,1.133,23.667,3.0,14.0,4.667,21.333,0.0,0.0,0.0,0.0,0.0,0.0,0.0,0.0,13.0,6.5,21.5,2.0,1.0,1.0,21.0,1.0,1,7,16,6,16,39,52,-13,1.42,1
Ligue 1,Stade Rennais FC,2014,15.14,1.514,23.5,0.3,0.3,18.0,1,7.44,1.86,23.5,4,2.6,1.3,23.5,2,4.8,1.6,25.333,3,20.5,5.125,23.25,0.0,0.0,0.0,0,2.5,2.5,21.0,1,8.0,8.0,19.0,1,10.0,5.0,26.5,2,9,13,11,14,35,42,-7,1.32,1,5.64,1.128,24.0,0.0,0.0,0.0,0.0,1.0,1.0,23.0,1.0,2.0,1.0,23.0,2.0,2.64,1.32,25.5,2.0,10.6,10.6,23.0,0.0,0.0,0.0,0.0,0.0,0.0,0.0,0.0,10.6,10.6,23.0,1.0,0.0,0.0,0.0,0.0,1,8,13,13,12,52,54,-2,1.37,1
Ligue 1,FC Lorient,2014,8.45,2.112,22.5,0.0,0.0,0.0,0,0.0,0.0,0.0,0,0.95,0.95,20.0,1,7.5,2.5,23.333,3,19.2,4.8,25.25,0.0,0.0,0.0,0,6.3,6.3,26.0,1,0.2,0.2,22.0,1,12.7,6.35,26.5,2,16,12,7,19,44,50,-6,1.13,2,9.93,1.986,23.6,0.0,0.0,0.0,0.0,1.5,1.5,25.0,1.0,1.8,1.8,21.0,1.0,6.63,2.21,24.0,3.0,18.5,9.25,24.5,0.0,0.0,0.0,0.0,6.5,6.5,26.0,1.0,0.0,0.0,0.0,0.0,12.0,12.0,23.0,1.0,2,15,11,13,14,47,58,-11,1.21,2
Ligue 1,FC Metz,2014,3.6,0.9,24.5,0.0,0.0,0.0,0,0.0,0.0,0.0,0,1.5,0.75,25.0,2,2.1,1.05,24.0,2,7.65,3.825,21.0,0.0,0.0,0.0,0,0.0,0.0,0.0,0,0.0,0.0,0.0,0,7.65,3.825,21.0,2,19,7,9,22,31,61,-30,0.79,2,0.0,0.0,0.0,0.0,0.0,0.0,0.0,0.0,0.0,0.0,0.0,0.0,0.0,0.0,0.0,0.0,0.0,0.0,0.0,0.0,0.0,0.0,0.0,0.0,0.0,0.0,0.0,0.0,0.0,0.0,0.0,0.0,0.0,0.0,0.0,0.0,0.0,0.0,2,0,0,0,0,0,0,0,0.0,2
Ligue 1,FC Toulouse,2014,3.0,1.0,24.667,0.0,0.0,0.0,0,1.0,1.0,27.0,1,1.2,1.2,25.0,1,0.8,0.8,22.0,1,13.7,6.85,25.5,0.0,0.0,0.0,0,13.0,13.0,24.0,1,0.0,0.0,0.0,0,0.7,0.7,27.0,1,17,12,6,20,43,64,-21,1.11,2,2.9,1.45,26.5,0.5,0.5,27.0,1.0,0.0,0.0,0.0,0.0,2.4,2.4,26.0,1.0,0.0,0.0,0.0,0.0,10.5,5.25,22.5,0.5,0.5,23.0,1.0,10.0,10.0,22.0,1.0,0.0,0.0,0.0,0.0,0.0,0.0,0.0,0.0,2,17,9,13,16,45,55,-10,1.05,2
Ligue 1,FC Évian Thonon Gaillard,2014,2.25,1.125,25.5,0.25,0.25,25.0,1,0.0,0.0,0.0,0,0.0,0.0,0.0,0,2.0,2.0,26.0,1,3.0,3.0,26.0,0.0,0.0,0.0,0,0.0,0.0,0.0,0,0.0,0.0,0.0,0,3.0,3.0,26.0,1,18,11,4,23,41,62,-21,0.97,2,0.0,0.0,0.0,0.0,0.0,0.0,0.0,0.0,0.0,0.0,0.0,0.0,0.0,0.0,0.0,0.0,0.0,0.0,0.0,0.0,0.0,0.0,0.0,0.0,0.0,0.0,0.0,0.0,0.0,0.0,0.0,0.0,0.0,0.0,0.0,0.0,0.0,0.0,2,0,0,0,0,0,0,0,0.0,2
Ligue 1,RC Lens,2014,0.0,0.0,0.0,0.0,0.0,0.0,0,0.0,0.0,0.0,0,0.0,0.0,0.0,0,0.0,0.0,0.0,0,3.0,3.0,19.0,0.0,0.0,0.0,0,3.0,3.0,19.0,1,0.0,0.0,0.0,0,0.0,0.0,0.0,0,20,7,8,23,32,61,-29,0.76,2,0.0,0.0,0.0,0.0,0.0,0.0,0.0,0.0,0.0,0.0,0.0,0.0,0.0,0.0,0.0,0.0,0.0,0.0,0.0,0.0,0.0,0.0,0.0,0.0,0.0,0.0,0.0,0.0,0.0,0.0,0.0,0.0,0.0,0.0,0.0,0.0,0.0,0.0,2,0,0,0,0,0,0,0,0.0,2
Ligue 1,Stade Reims,2014,0.0,0.0,0.0,0.0,0.0,0.0,0,0.0,0.0,0.0,0,0.0,0.0,0.0,0,0.0,0.0,0.0,0,5.5,5.5,24.0,0.0,0.0,0.0,0,0.0,0.0,0.0,0,5.5,5.5,24.0,1,0.0,0.0,0.0,0,15,12,8,18,47,66,-19,1.16,2,2.4,1.2,26.0,0.0,0.0,0.0,0.0,0.9,0.9,23.0,1.0,1.5,1.5,29.0,1.0,0.0,0.0,0.0,0.0,1.5,1.5,26.0,0.0,0.0,0.0,0.0,0.0,0.0,0.0,0.0,0.0,0.0,0.0,0.0,1.5,1.5,26.0,1.0,2,18,10,9,19,44,57,-13,1.03,2
Ligue 1,AS Monaco,2015,101.06,7.219,21.0,0.0,0.0,0.0,0,11.0,11.0,23.0,1,41.56,6.927,19.5,6,48.5,6.929,22.0,7,175.4,19.489,22.556,0.0,0.0,0.0,0,49.4,16.467,23.667,3,36.0,36.0,22.0,1,90.0,18.0,22.0,5,3,17,14,7,57,50,7,1.71,0,50.5,10.1,22.2,0.0,0.0,0.0,0.0,47.5,11.875,23.0,4.0,3.0,3.0,19.0,1.0,0.0,0.0,0.0,0.0,18.45,3.075,24.0,0.0,0.0,0.0,0.0,3.75,1.875,25.5,2.0,6.7,2.233,23.667,3.0,8.0,8.0,22.0,1.0,0,1,30,5,3,107,31,76,2.5,0
Ligue 1,AS Saint-Étienne,2015,20.3,2.537,23.5,0.0,0.0,0.0,0,2.5,1.25,24.5,2,5.7,2.85,21.0,2,12.1,3.025,24.25,4,23.2,5.8,24.75,0.0,0.0,0.0,0,4.9,4.9,26.0,1,0.0,0.0,0.0,0,18.3,6.1,24.333,3,6,17,7,14,42,37,5,1.53,0,7.0,3.5,24.0,0.0,0.0,0.0,0.0,3.0,3.0,24.0,1.0,4.0,4.0,24.0,1.0,0.0,0.0,0.0,0.0,2.25,0.75,27.0,0.0,0.0,0.0,0.0,1.5,0.75,29.0,2.0,0.75,0.75,23.0,1.0,0.0,0.0,0.0,0.0,1,8,12,14,12,41,42,-1,1.32,1
Ligue 1,LOSC Lille,2015,12.9,1.612,21.375,1.0,1.0,20.0,1,0.0,0.0,0.0,0,3.0,1.5,21.0,2,8.9,1.78,21.8,5,35.25,5.875,25.167,0.0,0.0,0.0,0,7.65,7.65,26.0,1,23.6,7.867,24.667,3,4.0,2.0,25.5,2,5,15,15,8,39,27,12,1.58,0,20.7,3.45,22.333,0.0,0.0,0.0,0.0,5.5,2.75,21.0,2.0,3.7,1.85,21.5,2.0,11.5,5.75,24.5,2.0,47.0,6.714,22.714,0.0,0.0,0.0,0.0,20.0,10.0,21.5,2.0,3.0,3.0,27.0,1.0,24.0,6.0,22.25,4.0,1,11,13,7,18,40,47,-7,1.21,1
Ligue 1,OGC Nice,2015,4.1,1.025,23.25,0.0,0.0,0.0,0,0.6,0.6,25.0,1,2.0,1.0,21.5,2,1.5,1.5,25.0,1,14.0,4.667,22.0,0.0,0.0,0.0,0,11.0,11.0,21.0,1,0.0,0.0,0.0,0,3.0,1.5,22.5,2,4,18,9,11,58,41,17,1.66,0,15.25,2.179,23.571,0.0,0.0,0.0,0.0,6.25,1.562,26.5,4.0,7.5,3.75,20.0,2.0,1.5,1.5,19.0,1.0,15.8,7.9,25.0,0.0,0.0,0.0,0.0,0.3,0.3,26.0,1.0,15.5,15.5,24.0,1.0,0.0,0.0,0.0,0.0,0,3,22,12,4,63,36,27,2.05,0
Ligue 1,Olympique Lyon,2015,41.1,5.871,23.714,0.0,0.0,0.0,0,12.6,6.3,25.5,2,22.5,5.625,22.0,4,6.0,6.0,27.0,1,26.8,4.467,22.167,0.0,0.0,0.0,0,1.0,1.0,23.0,1,4.5,2.25,20.0,2,21.3,7.1,23.333,3,2,19,8,11,67,43,24,1.71,0,28.6,9.533,20.333,0.0,0.0,0.0,0.0,8.5,8.5,20.0,1.0,0.0,0.0,0.0,0.0,20.1,10.05,20.5,2.0,27.3,9.1,24.667,0.0,0.0,0.0,0.0,27.3,9.1,24.667,3.0,0.0,0.0,0.0,0.0,0.0,0.0,0.0,0.0,0,4,21,4,13,77,48,29,1.76,0
Ligue 1,Paris Saint-Germain,2015,116.1,23.22,24.0,9.5,9.5,25.0,1,35.0,17.5,22.0,2,8.6,8.6,24.0,1,63.0,63.0,27.0,1,22.9,5.725,25.25,1.0,1.0,20.0,1,2.5,2.5,22.0,1,13.9,13.9,29.0,1,5.5,5.5,30.0,1,1,30,6,2,102,19,83,2.53,0,134.5,22.417,22.667,0.0,0.0,0.0,0.0,6.0,6.0,24.0,1.0,37.5,18.75,23.0,2.0,91.0,30.333,22.0,3.0,59.8,14.95,24.5,0.0,0.0,0.0,0.0,51.5,25.75,25.5,2.0,8.3,4.15,23.5,2.0,0.0,0.0,0.0,0.0,0,2,27,6,5,83,27,56,2.29,0
Ligue 1,Angers SCO,2015,0.0,0.0,0.0,0.0,0.0,0.0,0,0.0,0.0,0.0,0,0.0,0.0,0.0,0,0.0,0.0,0.0,0,5.9,1.475,27.25,1.0,1.0,32.0,1,0.0,0.0,0.0,0,0.0,0.0,0.0,0,4.9,1.633,25.667,3,9,13,11,14,40,38,2,1.32,1,5.2,0.867,23.833,1.0,1.0,24.0,1.0,0.0,0.0,0.0,0.0,1.6,0.533,24.333,3.0,2.6,1.3,23.0,2.0,4.4,2.2,26.5,0.0,0.0,0.0,0.0,4.4,2.2,26.5,2.0,0.0,0.0,0.0,0.0,0.0,0.0,0.0,0.0,1,12,13,7,18,40,49,-9,1.21,1
Ligue 1,FC Girondins Bordeaux,2015,11.0,2.75,20.25,0.0,0.0,0.0,0,3.0,1.5,21.5,2,3.0,3.0,20.0,1,5.0,5.0,18.0,1,22.3,5.575,25.5,0.0,0.0,0.0,0,3.5,3.5,29.0,1,6.0,6.0,25.0,1,12.8,6.4,24.0,2,11,12,14,12,50,57,-7,1.32,1,11.85,2.37,25.2,2.5,2.5,19.0,1.0,1.0,1.0,31.0,1.0,3.0,3.0,27.0,1.0,5.35,2.675,24.5,2.0,2.6,0.867,24.667,0.0,0.0,0.0,0.0,0.0,0.0,0.0,0.0,1.9,0.95,25.0,2.0,0.7,0.7,24.0,1.0,0,6,15,14,9,53,43,10,1.55,0
Ligue 1,FC Nantes,2015,7.0,1.4,26.6,0.0,0.0,0.0,0,0.0,0.0,0.0,0,3.0,1.0,28.0,3,4.0,2.0,24.5,2,17.55,2.507,24.857,0.0,0.0,0.0,0,5.55,1.388,26.25,4,10.5,5.25,24.5,2,1.5,1.5,20.0,1,14,12,12,14,33,44,-11,1.26,1,5.0,1.25,22.75,0.0,0.0,0.0,0.0,2.4,1.2,23.5,2.0,0.6,0.6,23.0,1.0,2.0,2.0,21.0,1.0,2.645,0.661,25.5,0.0,0.0,0.0,0.0,0.0,0.0,0.0,0.0,1.945,0.648,25.333,3.0,0.7,0.7,26.0,1.0,1,7,14,9,15,40,54,-14,1.34,1
Ligue 1,Montpellier HSC,2015,2.725,0.908,25.333,0.0,0.0,0.0,0,0.0,0.0,0.0,0,1.7,1.7,25.0,1,1.025,0.512,25.5,2,4.0,2.0,26.0,0.0,0.0,0.0,0,2.0,2.0,25.0,1,0.0,0.0,0.0,0,2.0,2.0,27.0,1,12,14,7,17,49,47,2,1.29,1,6.4,1.6,21.5,0.0,0.0,0.0,0.0,3.0,1.5,21.0,2.0,0.0,0.0,0.0,0.0,3.4,1.7,22.0,2.0,19.4,4.85,25.25,0.0,0.0,0.0,0.0,0.0,0.0,0.0,0.0,19.4,4.85,25.25,4.0,0.0,0.0,0.0,0.0,2,15,10,9,19,48,66,-18,1.03,2
Ligue 1,Olympique Marseille,2015,19.75,2.469,23.375,0.0,0.0,0.0,0,9.5,2.375,25.0,4,1.25,0.625,23.5,2,9.0,4.5,20.0,2,54.45,10.89,24.8,0.0,0.0,0.0,0,0.0,0.0,0.0,0,36.1,9.025,25.5,4,18.35,18.35,22.0,1,13,10,18,10,48,42,6,1.26,1,53.0,8.833,25.833,0.0,0.0,0.0,0.0,1.2,1.2,30.0,1.0,51.8,10.36,25.0,5.0,0.0,0.0,0.0,0.0,81.49,9.054,24.0,0.0,0.0,0.0,0.0,13.0,13.0,21.0,1.0,15.4,5.133,24.667,3.0,53.09,10.618,24.2,5.0,0,5,17,11,10,57,41,16,1.63,0
Ligue 1,SC Bastia,2015,0.0,0.0,0.0,0.0,0.0,0.0,0,0.0,0.0,0.0,0,0.0,0.0,0.0,0,0.0,0.0,0.0,0,1.7,1.7,25.0,0.0,0.0,0.0,0,0.0,0.0,0.0,0,1.7,1.7,25.0,1,0.0,0.0,0.0,0,10,14,8,16,36,42,-6,1.32,1,0.25,0.25,23.0,0.0,0.0,0.0,0.0,0.0,0.0,0.0,0.0,0.25,0.25,23.0,1.0,0.0,0.0,0.0,0.0,7.0,1.75,24.25,0.0,0.0,0.0,0.0,2.0,2.0,26.0,1.0,0.0,0.0,0.0,0.0,5.0,1.667,23.667,3.0,2,20,8,10,20,29,54,-25,0.89,2
Ligue 1,SM Caen,2015,6.05,1.008,24.167,0.0,0.0,0.0,0,0.05,0.05,23.0,1,2.6,1.3,25.5,2,3.4,1.133,23.667,3,14.0,4.667,21.333,0.0,0.0,0.0,0,0.0,0.0,0.0,0,13.0,6.5,21.5,2,1.0,1.0,21.0,1,7,16,6,16,39,52,-13,1.42,1,4.25,1.417,25.333,0.0,0.0,0.0,0.0,0.0,0.0,0.0,0.0,0.75,0.75,23.0,1.0,3.5,1.75,26.5,2.0,11.0,5.5,24.0,0.0,0.0,0.0,0.0,3.0,3.0,24.0,1.0,0.0,0.0,0.0,0.0,8.0,8.0,24.0,1.0,2,17,10,7,21,36,65,-29,0.97,2
Ligue 1,Stade Rennais FC,2015,5.64,1.128,24.0,0.0,0.0,0.0,0,1.0,1.0,23.0,1,2.0,1.0,23.0,2,2.64,1.32,25.5,2,10.6,10.6,23.0,0.0,0.0,0.0,0,0.0,0.0,0.0,0,10.6,10.6,23.0,1,0.0,0.0,0.0,0,8,13,13,12,52,54,-2,1.37,1,2.27,1.135,22.0,0.0,0.0,0.0,0.0,2.27,1.135,22.0,2.0,0.0,0.0,0.0,0.0,0.0,0.0,0.0,0.0,55.3,6.913,25.25,0.0,0.0,0.0,0.0,2.7,1.35,24.0,2.0,1.5,1.5,30.0,1.0,51.1,10.22,24.8,5.0,1,9,12,14,12,36,42,-6,1.32,1
Ligue 1,EA Guingamp,2015,1.95,0.975,24.5,0.0,0.0,0.0,0,0.0,0.0,0.0,0,0.0,0.0,0.0,0,1.95,0.975,24.5,2,6.0,6.0,27.0,0.0,0.0,0.0,0,0.0,0.0,0.0,0,0.0,0.0,0.0,0,6.0,6.0,27.0,1,16,11,11,16,47,56,-9,1.16,2,0.0,0.0,0.0,0.0,0.0,0.0,0.0,0.0,0.0,0.0,0.0,0.0,0.0,0.0,0.0,0.0,0.0,0.0,0.0,2.5,2.5,27.0,2.5,2.5,27.0,1.0,0.0,0.0,0.0,0.0,0.0,0.0,0.0,0.0,0.0,0.0,0.0,0.0,1,10,14,8,16,46,53,-7,1.32,1
Ligue 1,ESTAC Troyes,2015,0.3,0.3,29.0,0.0,0.0,0.0,0,0.0,0.0,0.0,0,0.0,0.0,0.0,0,0.3,0.3,29.0,1,7.3,2.433,21.333,0.0,0.0,0.0,0,1.5,1.5,24.0,1,1.8,1.8,21.0,1,4.0,4.0,19.0,1,20,3,9,26,28,83,-55,0.47,2,0.0,0.0,0.0,0.0,0.0,0.0,0.0,0.0,0.0,0.0,0.0,0.0,0.0,0.0,0.0,0.0,0.0,0.0,0.0,0.0,0.0,0.0,0.0,0.0,0.0,0.0,0.0,0.0,0.0,0.0,0.0,0.0,0.0,0.0,0.0,0.0,0.0,0.0,2,0,0,0,0,0,0,0,0.0,2
Ligue 1,FC Lorient,2015,9.93,1.986,23.6,0.0,0.0,0.0,0,1.5,1.5,25.0,1,1.8,1.8,21.0,1,6.63,2.21,24.0,3,18.5,9.25,24.5,0.0,0.0,0.0,0,6.5,6.5,26.0,1,0.0,0.0,0.0,0,12.0,12.0,23.0,1,15,11,13,14,47,58,-11,1.21,2,8.6,1.433,23.667,0.0,0.0,0.0,0.0,4.7,1.567,24.0,3.0,3.0,1.5,24.0,2.0,0.9,0.9,22.0,1.0,32.15,10.717,23.0,0.0,0.0,0.0,0.0,12.0,12.0,22.0,1.0,20.0,20.0,22.0,1.0,0.15,0.15,25.0,1.0,2,18,10,6,22,44,70,-26,0.95,2
Ligue 1,FC Toulouse,2015,2.9,1.45,26.5,0.5,0.5,27.0,1,0.0,0.0,0.0,0,2.4,2.4,26.0,1,0.0,0.0,0.0,0,10.5,5.25,22.5,0.5,0.5,23.0,1,10.0,10.0,22.0,1,0.0,0.0,0.0,0,0.0,0.0,0.0,0,17,9,13,16,45,55,-10,1.05,2,13.0,2.6,25.4,0.0,0.0,0.0,0.0,2.8,2.8,23.0,1.0,4.2,1.4,26.333,3.0,6.0,6.0,25.0,1.0,10.0,5.0,26.0,0.0,0.0,0.0,0.0,0.5,0.5,27.0,1.0,0.0,0.0,0.0,0.0,9.5,9.5,25.0,1.0,1,13,10,14,14,37,41,-4,1.16,1
Ligue 1,Stade Reims,2015,2.4,1.2,26.0,0.0,0.0,0.0,0,0.9,0.9,23.0,1,1.5,1.5,29.0,1,0.0,0.0,0.0,0,1.5,1.5,26.0,0.0,0.0,0.0,0,0.0,0.0,0.0,0,0.0,0.0,0.0,0,1.5,1.5,26.0,1,18,10,9,19,44,57,-13,1.03,2,0.0,0.0,0.0,0.0,0.0,0.0,0.0,0.0,0.0,0.0,0.0,0.0,0.0,0.0,0.0,0.0,0.0,0.0,0.0,0.0,0.0,0.0,0.0,0.0,0.0,0.0,0.0,0.0,0.0,0.0,0.0,0.0,0.0,0.0,0.0,0.0,0.0,0.0,2,0,0,0,0,0,0,0,0.0,2
Ligue 1,AS Monaco,2016,50.5,10.1,22.2,0.0,0.0,0.0,0,47.5,11.875,23.0,4,3.0,3.0,19.0,1,0.0,0.0,0.0,0,18.45,3.075,24.0,0.0,0.0,0.0,0,3.75,1.875,25.5,2,6.7,2.233,23.667,3,8.0,8.0,22.0,1,1,30,5,3,107,31,76,2.5,0,122.4,15.3,21.25,0.0,0.0,0.0,0.0,15.0,15.0,23.0,1.0,33.0,16.5,21.5,2.0,74.4,14.88,20.8,5.0,199.5,22.167,23.667,0.0,0.0,0.0,0.0,62.5,31.25,22.0,2.0,90.0,45.0,22.0,2.0,47.0,9.4,25.0,5.0,0,2,24,8,6,85,45,40,2.11,0
Ligue 1,FC Girondins Bordeaux,2016,11.85,2.37,25.2,2.5,2.5,19.0,1,1.0,1.0,31.0,1,3.0,3.0,27.0,1,5.35,2.675,24.5,2,2.6,0.867,24.667,0.0,0.0,0.0,0,0.0,0.0,0.0,0,1.9,0.95,25.0,2,0.7,0.7,24.0,1,6,15,14,9,53,43,10,1.55,0,32.6,4.075,24.375,0.0,0.0,0.0,0.0,8.0,2.667,24.667,3.0,8.5,4.25,23.0,2.0,16.1,5.367,25.0,3.0,28.25,3.139,24.222,0.0,0.0,0.0,0.0,4.0,1.333,25.667,3.0,1.0,1.0,21.0,1.0,23.25,4.65,24.0,5.0,0,6,16,7,15,53,48,5,1.45,0
Ligue 1,OGC Nice,2016,15.25,2.179,23.571,0.0,0.0,0.0,0,6.25,1.562,26.5,4,7.5,3.75,20.0,2,1.5,1.5,19.0,1,15.8,7.9,25.0,0.0,0.0,0.0,0,0.3,0.3,26.0,1,15.5,15.5,24.0,1,0.0,0.0,0.0,0,3,22,12,4,63,36,27,2.05,0,26.3,4.383,21.167,0.0,0.0,0.0,0.0,3.5,3.5,21.0,1.0,12.8,3.2,21.5,4.0,10.0,10.0,20.0,1.0,27.5,9.167,23.333,0.0,0.0,0.0,0.0,21.0,21.0,23.0,1.0,6.5,3.25,23.5,2.0,0.0,0.0,0.0,0.0,1,8,15,9,14,53,52,1,1.42,1
Ligue 1,Olympique Lyon,2016,28.6,9.533,20.333,0.0,0.0,0.0,0,8.5,8.5,20.0,1,0.0,0.0,0.0,0,20.1,10.05,20.5,2,27.3,9.1,24.667,0.0,0.0,0.0,0,27.3,9.1,24.667,3,0.0,0.0,0.0,0,0.0,0.0,0.0,0,4,21,4,13,77,48,29,1.76,0,58.05,6.45,21.556,0.0,0.0,0.0,0.0,17.05,4.262,22.5,4.0,12.0,6.0,20.0,2.0,29.0,9.667,21.333,3.0,119.55,14.944,25.75,0.0,0.0,0.0,0.0,18.25,6.083,25.0,3.0,48.3,12.075,26.25,4.0,53.0,53.0,26.0,1.0,0,3,23,9,6,87,43,44,2.05,0
Ligue 1,Olympique Marseille,2016,53.0,8.833,25.833,0.0,0.0,0.0,0,1.2,1.2,30.0,1,51.8,10.36,25.0,5,0.0,0.0,0.0,0,81.49,9.054,24.0,0.0,0.0,0.0,0,13.0,13.0,21.0,1,15.4,5.133,24.667,3,53.09,10.618,24.2,5,5,17,11,10,57,41,16,1.63,0,62.0,7.75,27.25,3.0,3.0,32.0,1.0,8.0,4.0,27.0,2.0,10.0,10.0,29.0,1.0,41.0,10.25,25.75,4.0,2.75,1.375,26.5,0.0,0.0,0.0,0.0,2.75,1.375,26.5,2.0,0.0,0.0,0.0,0.0,0.0,0.0,0.0,0.0,0,4,22,11,5,80,47,33,2.03,0
Ligue 1,Paris Saint-Germain,2016,134.5,22.417,22.667,0.0,0.0,0.0,0,6.0,6.0,24.0,1,37.5,18.75,23.0,2,91.0,30.333,22.0,3,59.8,14.95,24.5,0.0,0.0,0.0,0,51.5,25.75,25.5,2,8.3,4.15,23.5,2,0.0,0.0,0.0,0,2,27,6,5,83,27,56,2.29,0,238.0,119.0,26.0,0.0,0.0,0.0,0.0,16.0,16.0,27.0,1.0,0.0,0.0,0.0,0.0,222.0,222.0,25.0,1.0,98.4,19.68,24.6,0.0,0.0,0.0,0.0,29.0,14.5,24.0,2.0,25.0,25.0,30.0,1.0,44.4,22.2,22.5,2.0,0,1,29,6,3,108,29,79,2.45,0
Ligue 1,AS Saint-Étienne,2016,7.0,3.5,24.0,0.0,0.0,0.0,0,3.0,3.0,24.0,1,4.0,4.0,24.0,1,0.0,0.0,0.0,0,2.25,0.75,27.0,0.0,0.0,0.0,0,1.5,0.75,29.0,2,0.75,0.75,23.0,1,0.0,0.0,0.0,0,8,12,14,12,41,42,-1,1.32,1,19.3,3.86,21.8,0.0,0.0,0.0,0.0,3.3,1.65,22.5,2.0,5.0,5.0,19.0,1.0,11.0,5.5,22.5,2.0,15.5,3.1,26.0,0.0,0.0,0.0,0.0,9.0,9.0,25.0,1.0,4.0,2.0,27.5,2.0,2.5,1.25,25.0,2.0,1,7,15,10,13,47,50,-3,1.45,1
Ligue 1,Angers SCO,2016,5.2,0.867,23.833,1.0,1.0,24.0,1,0.0,0.0,0.0,0,1.6,0.533,24.333,3,2.6,1.3,23.0,2,4.4,2.2,26.5,0.0,0.0,0.0,0,4.4,2.2,26.5,2,0.0,0.0,0.0,0,0.0,0.0,0.0,0,12,13,7,18,40,49,-9,1.21,1,12.4,2.48,21.6,0.0,0.0,0.0,0.0,0.0,0.0,0.0,0.0,3.4,1.7,20.5,2.0,9.0,3.0,22.333,3.0,26.0,8.667,22.333,0.0,0.0,0.0,0.0,0.0,0.0,0.0,0.0,0.0,0.0,0.0,0.0,26.0,8.667,22.333,3.0,1,14,9,14,15,42,52,-10,1.08,1
Ligue 1,EA Guingamp,2016,0.0,0.0,0.0,0.0,0.0,0.0,0,0.0,0.0,0.0,0,0.0,0.0,0.0,0,0.0,0.0,0.0,0,2.5,2.5,27.0,2.5,2.5,27.0,1,0.0,0.0,0.0,0,0.0,0.0,0.0,0,0.0,0.0,0.0,0,10,14,8,16,46,53,-7,1.32,1,1.375,0.458,21.0,0.0,0.0,0.0,0.0,0.55,0.55,22.0,1.0,0.225,0.225,22.0,1.0,0.6,0.6,19.0,1.0,1.45,0.483,25.0,0.0,0.0,0.0,0.0,0.0,0.0,0.0,0.0,0.5,0.5,25.0,1.0,0.95,0.475,25.0,2.0,1,12,12,11,15,48,59,-11,1.24,1
Ligue 1,FC Metz,2016,0.4,0.4,27.0,0.0,0.0,0.0,0,0.4,0.4,27.0,1,0.0,0.0,0.0,0,0.0,0.0,0.0,0,0.775,0.775,24.0,0.0,0.0,0.0,0,0.0,0.0,0.0,0,0.775,0.775,24.0,1,0.0,0.0,0.0,0,14,11,10,17,39,72,-33,1.13,1,3.6,1.8,27.5,0.0,0.0,0.0,0.0,2.5,2.5,28.0,1.0,0.0,0.0,0.0,0.0,1.1,1.1,27.0,1.0,22.85,4.57,23.8,0.0,0.0,0.0,0.0,2.7,2.7,25.0,1.0,3.15,1.05,25.0,3.0,17.0,17.0,19.0,1.0,2,20,6,8,24,34,76,-42,0.68,2
Ligue 1,FC Nantes,2016,5.0,1.25,22.75,0.0,0.0,0.0,0,2.4,1.2,23.5,2,0.6,0.6,23.0,1,2.0,2.0,21.0,1,2.645,0.661,25.5,0.0,0.0,0.0,0,0.0,0.0,0.0,0,1.945,0.648,25.333,3,0.7,0.7,26.0,1,7,14,9,15,40,54,-14,1.34,1,11.3,2.825,27.5,2.5,2.5,31.0,1.0,4.3,2.15,27.0,2.0,0.0,0.0,0.0,0.0,4.5,4.5,25.0,1.0,10.0,3.333,27.333,1.0,1.0,29.0,1.0,0.0,0.0,0.0,0.0,9.0,4.5,26.5,2.0,0.0,0.0,0.0,0.0,1,9,14,10,14,36,41,-5,1.37,1
Ligue 1,FC Toulouse,2016,13.0,2.6,25.4,0.0,0.0,0.0,0,2.8,2.8,23.0,1,4.2,1.4,26.333,3,6.0,6.0,25.0,1,10.0,5.0,26.0,0.0,0.0,0.0,0,0.5,0.5,27.0,1,0.0,0.0,0.0,0,9.5,9.5,25.0,1,13,10,14,14,37,41,-4,1.16,1,3.5,3.5,21.0,0.0,0.0,0.0,0.0,0.0,0.0,0.0,0.0,0.0,0.0,0.0,0.0,3.5,3.5,21.0,1.0,13.0,3.25,25.5,0.0,0.0,0.0,0.0,0.0,0.0,0.0,0.0,0.95,0.475,25.5,2.0,12.05,6.025,25.5,2.0,2,18,9,10,19,38,54,-16,0.97,2
Ligue 1,LOSC Lille,2016,20.7,3.45,22.333,0.0,0.0,0.0,0,5.5,2.75,21.0,2,3.7,1.85,21.5,2,11.5,5.75,24.5,2,47.0,6.714,22.714,0.0,0.0,0.0,0,20.0,10.0,21.5,2,3.0,3.0,27.0,1,24.0,6.0,22.25,4,11,13,7,18,40,47,-7,1.21,1,76.5,7.65,22.8,1.0,1.0,20.0,1.0,12.5,6.25,24.0,2.0,28.0,9.333,22.333,3.0,35.0,8.75,23.25,4.0,31.1,6.22,23.4,0.0,0.0,0.0,0.0,5.0,5.0,26.0,1.0,5.1,5.1,23.0,1.0,21.0,7.0,22.667,3.0,2,17,10,8,20,41,67,-26,1.0,2
Ligue 1,Stade Rennais FC,2016,2.27,1.135,22.0,0.0,0.0,0.0,0,2.27,1.135,22.0,2,0.0,0.0,0.0,0,0.0,0.0,0.0,0,55.3,6.913,25.25,0.0,0.0,0.0,0,2.7,1.35,24.0,2,1.5,1.5,30.0,1,51.1,10.22,24.8,5,9,12,14,12,36,42,-6,1.32,1,53.9,6.738,22.25,3.0,3.0,25.0,1.0,9.4,4.7,21.5,2.0,11.5,5.75,20.5,2.0,30.0,10.0,23.0,3.0,15.8,2.633,25.667,0.0,0.0,0.0,0.0,1.0,1.0,26.0,1.0,1.1,0.55,28.5,2.0,13.7,4.567,23.667,3.0,0,5,16,10,12,50,44,6,1.53,0
Ligue 1,AS Nancy-Lorraine,2016,2.3,0.767,22.333,0.5,0.5,27.0,1,0.3,0.3,21.0,1,1.5,1.5,19.0,1,0.0,0.0,0.0,0,10.9,3.633,19.667,0.0,0.0,0.0,0,5.4,5.4,21.0,1,5.5,2.75,19.0,2,0.0,0.0,0.0,0,19,9,8,21,29,52,-23,0.92,2,0.0,0.0,0.0,0.0,0.0,0.0,0.0,0.0,0.0,0.0,0.0,0.0,0.0,0.0,0.0,0.0,0.0,0.0,0.0,0.0,0.0,0.0,0.0,0.0,0.0,0.0,0.0,0.0,0.0,0.0,0.0,0.0,0.0,0.0,0.0,0.0,0.0,0.0,2,0,0,0,0,0,0,0,0.0,2
Ligue 1,Dijon FCO,2016,3.15,0.788,24.0,0.0,0.0,0.0,0,1.4,0.7,25.0,2,0.25,0.25,24.0,1,1.5,1.5,22.0,1,1.25,1.25,24.0,0.0,0.0,0.0,0,1.25,1.25,24.0,1,0.0,0.0,0.0,0,0.0,0.0,0.0,0,16,8,13,17,46,58,-12,0.97,2,5.5,1.375,25.5,0.0,0.0,0.0,0.0,2.0,1.0,27.5,2.0,0.0,0.0,0.0,0.0,3.5,1.75,23.5,2.0,15.0,5.0,23.333,0.0,0.0,0.0,0.0,0.0,0.0,0.0,0.0,4.0,4.0,24.0,1.0,11.0,5.5,23.0,2.0,1,11,13,9,16,55,73,-18,1.26,1
Ligue 1,FC Lorient,2016,8.6,1.433,23.667,0.0,0.0,0.0,0,4.7,1.567,24.0,3,3.0,1.5,24.0,2,0.9,0.9,22.0,1,32.15,10.717,23.0,0.0,0.0,0.0,0,12.0,12.0,22.0,1,20.0,20.0,22.0,1,0.15,0.15,25.0,1,18,10,6,22,44,70,-26,0.95,2,0.0,0.0,0.0,0.0,0.0,0.0,0.0,0.0,0.0,0.0,0.0,0.0,0.0,0.0,0.0,0.0,0.0,0.0,0.0,0.0,0.0,0.0,0.0,0.0,0.0,0.0,0.0,0.0,0.0,0.0,0.0,0.0,0.0,0.0,0.0,0.0,0.0,0.0,2,0,0,0,0,0,0,0,0.0,2
Ligue 1,Montpellier HSC,2016,6.4,1.6,21.5,0.0,0.0,0.0,0,3.0,1.5,21.0,2,0.0,0.0,0.0,0,3.4,1.7,22.0,2,19.4,4.85,25.25,0.0,0.0,0.0,0,0.0,0.0,0.0,0,19.4,4.85,25.25,4,0.0,0.0,0.0,0,15,10,9,19,48,66,-18,1.03,2,5.7,1.9,26.667,2.5,2.5,26.0,1.0,1.0,1.0,26.0,1.0,0.0,0.0,0.0,0.0,2.2,2.2,28.0,1.0,20.8,6.933,24.333,0.0,0.0,0.0,0.0,0.8,0.8,24.0,1.0,7.0,7.0,27.0,1.0,13.0,13.0,22.0,1.0,1,10,11,18,9,36,33,3,1.34,1
Ligue 1,SC Bastia,2016,0.25,0.25,23.0,0.0,0.0,0.0,0,0.0,0.0,0.0,0,0.25,0.25,23.0,1,0.0,0.0,0.0,0,7.0,1.75,24.25,0.0,0.0,0.0,0,2.0,2.0,26.0,1,0.0,0.0,0.0,0,5.0,1.667,23.667,3,20,8,10,20,29,54,-25,0.89,2,0.0,0.0,0.0,0.0,0.0,0.0,0.0,0.0,0.0,0.0,0.0,0.0,0.0,0.0,0.0,0.0,0.0,0.0,0.0,0.0,0.0,0.0,0.0,0.0,0.0,0.0,0.0,0.0,0.0,0.0,0.0,0.0,0.0,0.0,0.0,0.0,0.0,0.0,2,0,0,0,0,0,0,0,0.0,2
Ligue 1,SM Caen,2016,4.25,1.417,25.333,0.0,0.0,0.0,0,0.0,0.0,0.0,0,0.75,0.75,23.0,1,3.5,1.75,26.5,2,11.0,5.5,24.0,0.0,0.0,0.0,0,3.0,3.0,24.0,1,0.0,0.0,0.0,0,8.0,8.0,24.0,1,17,10,7,21,36,65,-29,0.97,2,6.95,1.158,22.0,0.0,0.0,0.0,0.0,3.5,1.75,22.0,2.0,2.85,0.95,23.333,3.0,0.6,0.6,18.0,1.0,6.0,6.0,19.0,0.0,0.0,0.0,0.0,0.0,0.0,0.0,0.0,6.0,6.0,19.0,1.0,0.0,0.0,0.0,0.0,2,16,10,8,20,27,52,-25,1.0,2
Ligue 1,AS Monaco,2017,122.4,15.3,21.25,0.0,0.0,0.0,0,15.0,15.0,23.0,1,33.0,16.5,21.5,2,74.4,14.88,20.8,5,199.5,22.167,23.667,0.0,0.0,0.0,0,62.5,31.25,22.0,2,90.0,45.0,22.0,2,47.0,9.4,25.0,5,2,24,8,6,85,45,40,2.11,0,145.85,10.418,24.214,0.0,0.0,0.0,0.0,49.0,9.8,24.4,5.0,60.65,12.13,26.6,5.0,36.2,9.05,21.0,4.0,367.25,30.604,23.25,0.0,0.0,0.0,0.0,24.15,6.038,22.0,4.0,134.1,33.525,25.25,4.0,209.0,52.25,22.5,4.0,2,17,8,12,18,38,57,-19,0.95,2
Ligue 1,FC Girondins Bordeaux,2017,32.6,4.075,24.375,0.0,0.0,0.0,0,8.0,2.667,24.667,3,8.5,4.25,23.0,2,16.1,5.367,25.0,3,28.25,3.139,24.222,0.0,0.0,0.0,0,4.0,1.333,25.667,3,1.0,1.0,21.0,1,23.25,4.65,24.0,5,6,16,7,15,53,48,5,1.45,0,21.46,3.577,20.333,0.0,0.0,0.0,0.0,0.77,0.77,18.0,1.0,9.3,4.65,19.5,2.0,11.39,3.797,21.667,3.0,50.7,12.675,24.25,0.0,0.0,0.0,0.0,0.0,0.0,0.0,0.0,0.0,0.0,0.0,0.0,50.7,12.675,24.25,4.0,1,14,10,11,17,34,42,-8,1.08,1
Ligue 1,Olympique Lyon,2017,58.05,6.45,21.556,0.0,0.0,0.0,0,17.05,4.262,22.5,4,12.0,6.0,20.0,2,29.0,9.667,21.333,3,119.55,14.944,25.75,0.0,0.0,0.0,0,18.25,6.083,25.0,3,48.3,12.075,26.25,4,53.0,53.0,26.0,1,3,23,9,6,87,43,44,2.05,0,46.45,9.29,20.4,0.0,0.0,0.0,0.0,11.45,5.725,20.5,2.0,8.0,8.0,21.0,1.0,27.0,13.5,20.0,2.0,90.1,10.011,22.0,0.0,0.0,0.0,0.0,18.5,9.25,24.5,2.0,8.0,8.0,24.0,1.0,63.6,10.6,20.833,6.0,0,3,21,9,8,70,47,23,1.89,0
Ligue 1,Olympique Marseille,2017,62.0,7.75,27.25,3.0,3.0,32.0,1,8.0,4.0,27.0,2,10.0,10.0,29.0,1,41.0,10.25,25.75,4,2.75,1.375,26.5,0.0,0.0,0.0,0,2.75,1.375,26.5,2,0.0,0.0,0.0,0,0.0,0.0,0.0,0,4,22,11,5,80,47,33,2.03,0,66.0,16.5,23.75,0.0,0.0,0.0,0.0,29.0,14.5,22.5,2.0,25.0,25.0,28.0,1.0,12.0,12.0,22.0,1.0,32.85,10.95,24.333,0.0,0.0,0.0,0.0,2.0,2.0,23.0,1.0,30.85,15.425,25.0,2.0,0.0,0.0,0.0,0.0,0,5,18,7,13,60,52,8,1.61,0
Ligue 1,Paris Saint-Germain,2017,238.0,119.0,26.0,0.0,0.0,0.0,0,16.0,16.0,27.0,1,0.0,0.0,0.0,0,222.0,222.0,25.0,1,98.4,19.68,24.6,0.0,0.0,0.0,0,29.0,14.5,24.0,2,25.0,25.0,30.0,1,44.4,22.2,22.5,2,1,29,6,3,108,29,79,2.45,0,262.0,65.5,22.25,0.0,0.0,0.0,0.0,42.0,21.0,23.0,2.0,40.0,40.0,24.0,1.0,180.0,180.0,19.0,1.0,114.0,14.25,23.25,0.0,0.0,0.0,0.0,24.0,24.0,28.0,1.0,34.7,8.675,24.25,4.0,55.3,18.433,20.333,3.0,0,1,29,4,5,105,35,70,2.39,0
Ligue 1,Stade Rennais FC,2017,53.9,6.738,22.25,3.0,3.0,25.0,1,9.4,4.7,21.5,2,11.5,5.75,20.5,2,30.0,10.0,23.0,3,15.8,2.633,25.667,0.0,0.0,0.0,0,1.0,1.0,26.0,1,1.1,0.55,28.5,2,13.7,4.567,23.667,3,5,16,10,12,50,44,6,1.53,0,18.0,4.5,23.25,0.0,0.0,0.0,0.0,3.0,3.0,22.0,1.0,4.0,4.0,27.0,1.0,11.0,5.5,22.0,2.0,18.5,9.25,22.5,0.0,0.0,0.0,0.0,13.5,13.5,21.0,1.0,0.0,0.0,0.0,0.0,5.0,5.0,24.0,1.0,1,10,13,13,12,55,52,3,1.37,1
Ligue 1,AS Saint-Étienne,2017,19.3,3.86,21.8,0.0,0.0,0.0,0,3.3,1.65,22.5,2,5.0,5.0,19.0,1,11.0,5.5,22.5,2,15.5,3.1,26.0,0.0,0.0,0.0,0,9.0,9.0,25.0,1,4.0,2.0,27.5,2,2.5,1.25,25.0,2,7,15,10,13,47,50,-3,1.45,1,15.0,5.0,25.667,0.0,0.0,0.0,0.0,0.0,0.0,0.0,0.0,6.0,6.0,28.0,1.0,9.0,4.5,24.5,2.0,18.7,3.74,24.6,0.0,0.0,0.0,0.0,12.2,4.067,24.0,3.0,6.5,3.25,25.5,2.0,0.0,0.0,0.0,0.0,0,4,19,9,10,59,41,18,1.74,0
Ligue 1,Amiens SC,2017,6.63,1.658,24.0,0.0,0.0,0.0,0,0.13,0.13,23.0,1,2.0,2.0,24.0,1,4.5,2.25,24.5,2,8.0,4.0,21.0,0.0,0.0,0.0,0,0.0,0.0,0.0,0,2.0,2.0,20.0,1,6.0,6.0,22.0,1,13,12,9,17,37,42,-5,1.18,1,7.49,1.872,24.0,0.0,0.0,0.0,0.0,0.0,0.0,0.0,0.0,4.5,2.25,24.0,2.0,2.99,1.495,24.0,2.0,10.0,3.333,23.333,0.0,0.0,0.0,0.0,0.0,0.0,0.0,0.0,9.0,4.5,23.0,2.0,1.0,1.0,24.0,1.0,2,15,9,11,18,31,52,-21,1.0,2
Ligue 1,Angers SCO,2017,12.4,2.48,21.6,0.0,0.0,0.0,0,0.0,0.0,0.0,0,3.4,1.7,20.5,2,9.0,3.0,22.333,3,26.0,8.667,22.333,0.0,0.0,0.0,0,0.0,0.0,0.0,0,0.0,0.0,0.0,0,26.0,8.667,22.333,3,14,9,14,15,42,52,-10,1.08,1,4.45,0.89,24.0,0.0,0.0,0.0,0.0,0.05,0.05,24.0,1.0,2.6,1.3,23.5,2.0,1.8,0.9,24.5,2.0,21.0,10.5,24.0,0.0,0.0,0.0,0.0,0.0,0.0,0.0,0.0,0.0,0.0,0.0,0.0,21.0,10.5,24.0,2.0,1,13,10,16,12,44,49,-5,1.21,1
Ligue 1,Dijon FCO,2017,5.5,1.375,25.5,0.0,0.0,0.0,0,2.0,1.0,27.5,2,0.0,0.0,0.0,0,3.5,1.75,23.5,2,15.0,5.0,23.333,0.0,0.0,0.0,0,0.0,0.0,0.0,0,4.0,4.0,24.0,1,11.0,5.5,23.0,2,11,13,9,16,55,73,-18,1.26,1,9.2,2.3,23.25,1.6,1.6,23.0,1.0,1.6,1.6,22.0,1.0,0.0,0.0,0.0,0.0,6.0,3.0,24.0,2.0,4.0,4.0,27.0,4.0,4.0,27.0,1.0,0.0,0.0,0.0,0.0,0.0,0.0,0.0,0.0,0.0,0.0,0.0,0.0,2,18,9,7,22,31,60,-29,0.89,2
Ligue 1,EA Guingamp,2017,1.375,0.458,21.0,0.0,0.0,0.0,0,0.55,0.55,22.0,1,0.225,0.225,22.0,1,0.6,0.6,19.0,1,1.45,0.483,25.0,0.0,0.0,0.0,0,0.0,0.0,0.0,0,0.5,0.5,25.0,1,0.95,0.475,25.0,2,12,12,11,15,48,59,-11,1.24,1,3.5,1.75,22.0,0.0,0.0,0.0,0.0,2.5,2.5,19.0,1.0,1.0,1.0,25.0,1.0,0.0,0.0,0.0,0.0,4.0,4.0,27.0,0.0,0.0,0.0,0.0,0.0,0.0,0.0,0.0,4.0,4.0,27.0,1.0,0.0,0.0,0.0,0.0,2,20,5,12,21,28,68,-40,0.71,2
Ligue 1,FC Nantes,2017,11.3,2.825,27.5,2.5,2.5,31.0,1,4.3,2.15,27.0,2,0.0,0.0,0.0,0,4.5,4.5,25.0,1,10.0,3.333,27.333,1.0,1.0,29.0,1,0.0,0.0,0.0,0,9.0,4.5,26.5,2,0.0,0.0,0.0,0,9,14,10,14,36,41,-5,1.37,1,14.35,2.392,25.333,0.0,0.0,0.0,0.0,2.8,0.933,25.667,3.0,3.3,1.65,25.5,2.0,8.25,8.25,24.0,1.0,22.2,7.4,24.5,0.0,0.0,0.0,0.0,0.0,0.0,0.0,0.0,0.0,0.0,0.0,0.0,22.2,7.4,24.5,3.0,1,12,13,9,16,48,48,0,1.26,1
Ligue 1,Montpellier HSC,2017,5.7,1.9,26.667,2.5,2.5,26.0,1,1.0,1.0,26.0,1,0.0,0.0,0.0,0,2.2,2.2,28.0,1,20.8,6.933,24.333,0.0,0.0,0.0,0,0.8,0.8,24.0,1,7.0,7.0,27.0,1,13.0,13.0,22.0,1,10,11,18,9,36,33,3,1.34,1,10.15,1.692,24.0,0.0,0.0,0.0,0.0,3.55,1.183,22.0,3.0,3.6,1.8,27.0,2.0,3.0,3.0,24.0,1.0,25.5,6.375,23.0,0.0,0.0,0.0,0.0,21.0,10.5,22.5,2.0,0.0,0.0,0.0,0.0,4.5,2.25,23.5,2.0,0,6,15,14,9,53,42,11,1.55,0
Ligue 1,OGC Nice,2017,26.3,4.383,21.167,0.0,0.0,0.0,0,3.5,3.5,21.0,1,12.8,3.2,21.5,4,10.0,10.0,20.0,1,27.5,9.167,23.333,0.0,0.0,0.0,0,21.0,21.0,23.0,1,6.5,3.25,23.5,2,0.0,0.0,0.0,0,8,15,9,14,53,52,1,1.42,1,28.0,7.0,22.0,0.0,0.0,0.0,0.0,8.0,4.0,23.5,2.0,10.0,10.0,22.0,1.0,10.0,10.0,19.0,1.0,61.7,12.34,25.4,0.0,0.0,0.0,0.0,7.0,3.5,27.0,2.0,30.0,30.0,26.0,1.0,24.7,12.35,23.5,2.0,1,7,15,11,12,30,35,-5,1.47,1
Ligue 1,FC Metz,2017,3.6,1.8,27.5,0.0,0.0,0.0,0,2.5,2.5,28.0,1,0.0,0.0,0.0,0,1.1,1.1,27.0,1,22.85,4.57,23.8,0.0,0.0,0.0,0,2.7,2.7,25.0,1,3.15,1.05,25.0,3,17.0,17.0,19.0,1,20,6,8,24,34,76,-42,0.68,2,0.0,0.0,0.0,0.0,0.0,0.0,0.0,0.0,0.0,0.0,0.0,0.0,0.0,0.0,0.0,0.0,0.0,0.0,0.0,0.0,0.0,0.0,0.0,0.0,0.0,0.0,0.0,0.0,0.0,0.0,0.0,0.0,0.0,0.0,0.0,0.0,0.0,0.0,2,0,0,0,0,0,0,0,0.0,2
Ligue 1,FC Toulouse,2017,3.5,3.5,21.0,0.0,0.0,0.0,0,0.0,0.0,0.0,0,0.0,0.0,0.0,0,3.5,3.5,21.0,1,13.0,3.25,25.5,0.0,0.0,0.0,0,0.0,0.0,0.0,0,0.95,0.475,25.5,2,12.05,6.025,25.5,2,18,9,10,19,38,54,-16,0.97,2,18.45,2.636,26.143,4.0,4.0,27.0,1.0,3.0,3.0,26.0,1.0,0.7,0.7,26.0,1.0,10.75,2.688,26.0,4.0,35.5,8.875,22.0,8.0,8.0,19.0,1.0,26.0,13.0,20.0,2.0,1.5,1.5,29.0,1.0,0.0,0.0,0.0,0.0,2,16,8,14,16,35,57,-22,1.0,2
Ligue 1,LOSC Lille,2017,76.5,7.65,22.8,1.0,1.0,20.0,1,12.5,6.25,24.0,2,28.0,9.333,22.333,3,35.0,8.75,23.25,4,31.1,6.22,23.4,0.0,0.0,0.0,0,5.0,5.0,26.0,1,5.1,5.1,23.0,1,21.0,7.0,22.667,3,17,10,8,20,41,67,-26,1.0,2,8.9,2.967,24.0,0.0,0.0,0.0,0.0,2.5,2.5,21.0,1.0,0.0,0.0,0.0,0.0,6.4,3.2,25.5,2.0,69.7,6.336,24.273,0.2,0.2,23.0,1.0,29.8,7.45,24.5,4.0,31.2,15.6,23.0,2.0,8.5,2.125,25.0,4.0,0,2,22,9,7,68,33,35,1.97,0
Ligue 1,RC Strasbourg Alsace,2017,5.4,1.08,23.2,0.7,0.7,20.0,1,0.0,0.0,0.0,0,1.7,0.85,22.5,2,3.0,1.5,25.5,2,2.0,2.0,20.0,0.0,0.0,0.0,0,0.0,0.0,0.0,0,2.0,2.0,20.0,1,0.0,0.0,0.0,0,15,9,11,18,44,67,-23,1.0,2,15.75,2.625,24.5,4.0,4.0,26.0,1.0,3.75,1.875,27.5,2.0,2.0,2.0,20.0,1.0,6.0,3.0,23.0,2.0,14.0,14.0,24.0,0.0,0.0,0.0,0.0,0.0,0.0,0.0,0.0,14.0,14.0,24.0,1.0,0.0,0.0,0.0,0.0,1,11,11,16,11,58,48,10,1.29,1
Ligue 1,SM Caen,2017,6.95,1.158,22.0,0.0,0.0,0.0,0,3.5,1.75,22.0,2,2.85,0.95,23.333,3,0.6,0.6,18.0,1,6.0,6.0,19.0,0.0,0.0,0.0,0,0.0,0.0,0.0,0,6.0,6.0,19.0,1,0.0,0.0,0.0,0,16,10,8,20,27,52,-25,1.0,2,9.95,1.658,27.0,0.0,0.0,0.0,0.0,0.0,0.0,0.0,0.0,2.0,1.0,29.5,2.0,7.95,1.988,25.75,4.0,14.5,4.833,24.0,0.0,0.0,0.0,0.0,5.0,5.0,24.0,1.0,0.0,0.0,0.0,0.0,9.5,4.75,24.0,2.0,2,19,7,12,19,29,54,-25,0.87,2
Ligue 1,AS Saint-Étienne,2018,15.0,5.0,25.667,0.0,0.0,0.0,0,0.0,0.0,0.0,0,6.0,6.0,28.0,1,9.0,4.5,24.5,2,18.7,3.74,24.6,0.0,0.0,0.0,0,12.2,4.067,24.0,3,6.5,3.25,25.5,2,0.0,0.0,0.0,0,4,19,9,10,59,41,18,1.74,0,13.45,2.242,23.667,0.0,0.0,0.0,0.0,3.45,1.15,23.333,3.0,5.5,2.75,24.0,2.0,4.5,4.5,24.0,1.0,45.85,9.17,24.2,0.0,0.0,0.0,0.0,30.0,30.0,18.0,1.0,13.0,6.5,26.0,2.0,2.85,1.425,25.5,2.0,2,17,8,6,14,29,45,-16,1.07,2
Ligue 1,LOSC Lille,2018,8.9,2.967,24.0,0.0,0.0,0.0,0,2.5,2.5,21.0,1,0.0,0.0,0.0,0,6.4,3.2,25.5,2,69.7,6.336,24.273,0.2,0.2,23.0,1,29.8,7.45,24.5,4,31.2,15.6,23.0,2,8.5,2.125,25.0,4,2,22,9,7,68,33,35,1.97,0,98.4,9.84,21.8,6.0,6.0,24.0,1.0,13.5,4.5,21.0,3.0,46.5,11.625,23.0,4.0,32.4,16.2,19.5,2.0,151.0,25.167,23.833,0.0,0.0,0.0,0.0,9.0,9.0,23.0,1.0,23.5,11.75,26.0,2.0,118.5,39.5,22.667,3.0,0,4,15,4,9,35,27,8,1.75,0
Ligue 1,Montpellier HSC,2018,10.15,1.692,24.0,0.0,0.0,0.0,0,3.55,1.183,22.0,3,3.6,1.8,27.0,2,3.0,3.0,24.0,1,25.5,6.375,23.0,0.0,0.0,0.0,0,21.0,10.5,22.5,2,0.0,0.0,0.0,0,4.5,2.25,23.5,2,6,15,14,9,53,42,11,1.55,0,20.3,4.06,27.0,1.5,1.5,27.0,1.0,2.8,2.8,27.0,1.0,11.5,5.75,27.0,2.0,4.5,4.5,27.0,1.0,40.0,10.0,25.25,13.5,13.5,28.0,1.0,8.0,8.0,26.0,1.0,6.0,6.0,24.0,1.0,12.5,12.5,23.0,1.0,1,8,11,7,10,35,34,1,1.43,1
Ligue 1,Olympique Lyon,2018,46.45,9.29,20.4,0.0,0.0,0.0,0,11.45,5.725,20.5,2,8.0,8.0,21.0,1,27.0,13.5,20.0,2,90.1,10.011,22.0,0.0,0.0,0.0,0,18.5,9.25,24.5,2,8.0,8.0,24.0,1,63.6,10.6,20.833,6,3,21,9,8,70,47,23,1.89,0,126.0,14.0,23.111,0.0,0.0,0.0,0.0,33.0,16.5,23.0,2.0,77.0,15.4,22.2,5.0,16.0,8.0,25.5,2.0,158.32,17.591,23.0,0.0,0.0,0.0,0.0,48.0,48.0,24.0,1.0,110.32,13.79,22.875,8.0,0.0,0.0,0.0,0.0,1,7,11,7,10,42,27,15,1.43,1
Ligue 1,Olympique Marseille,2018,66.0,16.5,23.75,0.0,0.0,0.0,0,29.0,14.5,22.5,2,25.0,25.0,28.0,1,12.0,12.0,22.0,1,32.85,10.95,24.333,0.0,0.0,0.0,0,2.0,2.0,23.0,1,30.85,15.425,25.0,2,0.0,0.0,0.0,0,5,18,7,13,60,52,8,1.61,0,27.0,13.5,26.5,0.0,0.0,0.0,0.0,0.0,0.0,0.0,0.0,13.0,13.0,24.0,1.0,14.0,14.0,29.0,1.0,27.25,6.812,25.25,0.0,0.0,0.0,0.0,0.0,0.0,0.0,0.0,6.0,6.0,32.0,1.0,21.25,7.083,23.0,3.0,0,2,16,8,4,41,29,12,2.0,0
Ligue 1,Paris Saint-Germain,2018,262.0,65.5,22.25,0.0,0.0,0.0,0,42.0,21.0,23.0,2,40.0,40.0,24.0,1,180.0,180.0,19.0,1,114.0,14.25,23.25,0.0,0.0,0.0,0,24.0,24.0,28.0,1,34.7,8.675,24.25,4,55.3,18.433,20.333,3,1,29,4,5,105,35,70,2.39,0,95.0,23.75,27.75,15.0,15.0,32.0,1.0,32.0,32.0,23.0,1.0,30.0,30.0,29.0,1.0,18.0,18.0,27.0,1.0,105.9,9.627,22.909,9.4,3.133,26.0,3.0,22.5,11.25,18.5,2.0,34.0,17.0,26.0,2.0,40.0,10.0,21.25,4.0,0,1,22,2,3,75,24,51,2.52,0
Ligue 1,Angers SCO,2018,4.45,0.89,24.0,0.0,0.0,0.0,0,0.05,0.05,24.0,1,2.6,1.3,23.5,2,1.8,0.9,24.5,2,21.0,10.5,24.0,0.0,0.0,0.0,0,0.0,0.0,0.0,0,0.0,0.0,0.0,0,21.0,10.5,24.0,2,13,10,16,12,44,49,-5,1.21,1,10.4,2.08,24.2,0.9,0.9,26.0,1.0,0.0,0.0,0.0,0.0,3.0,1.5,22.5,2.0,6.5,3.25,25.0,2.0,34.0,17.0,23.5,0.0,0.0,0.0,0.0,0.0,0.0,0.0,0.0,34.0,17.0,23.5,2.0,0.0,0.0,0.0,0.0,1,11,11,6,11,28,33,-5,1.39,1
Ligue 1,FC Girondins Bordeaux,2018,21.46,3.577,20.333,0.0,0.0,0.0,0,0.77,0.77,18.0,1,9.3,4.65,19.5,2,11.39,3.797,21.667,3,50.7,12.675,24.25,0.0,0.0,0.0,0,0.0,0.0,0.0,0,0.0,0.0,0.0,0,50.7,12.675,24.25,4,14,10,11,17,34,42,-8,1.08,1,17.0,5.667,27.333,0.0,0.0,0.0,0.0,5.0,5.0,33.0,1.0,0.0,0.0,0.0,0.0,12.0,6.0,24.5,2.0,52.25,8.708,21.5,0.0,0.0,0.0,0.0,25.0,25.0,20.0,1.0,26.75,6.688,21.75,4.0,0.5,0.5,22.0,1.0,1,12,9,10,9,40,34,6,1.32,1
Ligue 1,FC Nantes,2018,14.35,2.392,25.333,0.0,0.0,0.0,0,2.8,0.933,25.667,3,3.3,1.65,25.5,2,8.25,8.25,24.0,1,22.2,7.4,24.5,0.0,0.0,0.0,0,0.0,0.0,0.0,0,0.0,0.0,0.0,0,22.2,7.4,24.5,3,12,13,9,16,48,48,0,1.26,1,18.75,2.679,23.857,0.8,0.8,20.0,1.0,1.95,0.975,27.5,2.0,9.0,4.5,20.5,2.0,7.0,3.5,25.5,2.0,38.5,6.417,25.5,0.0,0.0,0.0,0.0,24.0,8.0,26.333,3.0,13.0,13.0,24.0,1.0,1.5,0.75,25.0,2.0,1,13,11,4,13,28,31,-3,1.32,1
Ligue 1,Nîmes Olympique,2018,3.15,1.575,24.5,0.0,0.0,0.0,0,0.15,0.15,26.0,1,0.0,0.0,0.0,0,3.0,3.0,23.0,1,0.0,0.0,0.0,0.0,0.0,0.0,0,0.0,0.0,0.0,0,0.0,0.0,0.0,0,0.0,0.0,0.0,0,9,15,8,15,57,58,-1,1.39,1,9.85,1.407,25.0,0.0,0.0,0.0,0.0,0.0,0.0,0.0,0.0,7.0,2.333,24.667,3.0,2.85,0.712,25.25,4.0,20.5,4.1,24.0,0.0,0.0,0.0,0.0,0.0,0.0,0.0,0.0,11.0,5.5,25.0,2.0,9.5,3.167,23.333,3.0,2,18,7,6,15,29,44,-15,0.96,2
Ligue 1,OGC Nice,2018,28.0,7.0,22.0,0.0,0.0,0.0,0,8.0,4.0,23.5,2,10.0,10.0,22.0,1,10.0,10.0,19.0,1,61.7,12.34,25.4,0.0,0.0,0.0,0,7.0,3.5,27.0,2,30.0,30.0,26.0,1,24.7,12.35,23.5,2,7,15,11,12,30,35,-5,1.47,1,52.2,10.44,20.6,0.0,0.0,0.0,0.0,12.5,12.5,20.0,1.0,17.0,8.5,20.0,2.0,22.7,11.35,21.5,2.0,23.112,3.852,23.333,0.0,0.0,0.0,0.0,4.0,2.0,21.0,2.0,0.512,0.512,25.0,1.0,18.6,6.2,24.333,3.0,0,5,11,8,9,41,38,3,1.46,0
Ligue 1,RC Strasbourg Alsace,2018,15.75,2.625,24.5,4.0,4.0,26.0,1,3.75,1.875,27.5,2,2.0,2.0,20.0,1,6.0,3.0,23.0,2,14.0,14.0,24.0,0.0,0.0,0.0,0,0.0,0.0,0.0,0,14.0,14.0,24.0,1,0.0,0.0,0.0,0,11,11,16,11,58,48,10,1.29,1,11.0,2.2,24.6,0.0,0.0,0.0,0.0,6.0,3.0,27.0,2.0,3.0,1.5,23.0,2.0,2.0,2.0,23.0,1.0,21.5,5.375,26.0,0.0,0.0,0.0,0.0,0.5,0.5,26.0,1.0,19.0,9.5,25.0,2.0,2.0,2.0,28.0,1.0,1,10,11,5,11,32,32,0,1.41,1
Ligue 1,Stade Reims,2018,15.5,3.1,24.4,0.0,0.0,0.0,0,7.5,3.75,22.5,2,1.0,1.0,27.0,1,7.0,3.5,25.0,2,11.0,5.5,24.0,0.0,0.0,0.0,0,2.0,2.0,26.0,1,0.0,0.0,0.0,0,9.0,9.0,22.0,1,8,13,16,9,39,42,-3,1.45,1,18.7,3.117,21.833,5.0,5.0,23.0,1.0,7.0,3.5,21.5,2.0,0.0,0.0,0.0,0.0,6.7,2.233,21.667,3.0,26.6,6.65,25.5,7.6,7.6,27.0,1.0,9.0,4.5,26.0,2.0,0.0,0.0,0.0,0.0,10.0,10.0,23.0,1.0,0,6,10,11,7,26,21,5,1.46,0
Ligue 1,Stade Rennais FC,2018,18.0,4.5,23.25,0.0,0.0,0.0,0,3.0,3.0,22.0,1,4.0,4.0,27.0,1,11.0,5.5,22.0,2,18.5,9.25,22.5,0.0,0.0,0.0,0,13.5,13.5,21.0,1,0.0,0.0,0.0,0,5.0,5.0,24.0,1,10,13,13,12,55,52,3,1.37,1,58.1,9.683,24.667,7.6,7.6,27.0,1.0,0.0,0.0,0.0,0.0,13.0,6.5,27.5,2.0,37.5,12.5,22.0,3.0,54.5,10.9,24.6,7.5,7.5,26.0,1.0,8.0,8.0,24.0,1.0,7.0,7.0,28.0,1.0,32.0,16.0,22.5,2.0,0,3,15,5,8,38,24,14,1.79,0
Ligue 1,AS Monaco,2018,145.85,10.418,24.214,0.0,0.0,0.0,0,49.0,9.8,24.4,5,60.65,12.13,26.6,5,36.2,9.05,21.0,4,367.25,30.604,23.25,0.0,0.0,0.0,0,24.15,6.038,22.0,4,134.1,33.525,25.25,4,209.0,52.25,22.5,4,17,8,12,18,38,57,-19,0.95,2,200.0,14.286,22.571,20.5,10.25,24.0,2.0,56.0,11.2,21.0,5.0,36.0,12.0,22.0,3.0,87.5,21.875,24.25,4.0,83.75,10.469,22.75,1.5,1.5,25.0,1.0,8.0,4.0,24.0,2.0,47.0,23.5,21.0,2.0,27.25,9.083,22.333,3.0,1,9,11,7,10,44,44,0,1.43,1
Ligue 1,Amiens SC,2018,7.49,1.872,24.0,0.0,0.0,0.0,0,0.0,0.0,0.0,0,4.5,2.25,24.0,2,2.99,1.495,24.0,2,10.0,3.333,23.333,0.0,0.0,0.0,0,0.0,0.0,0.0,0,9.0,4.5,23.0,2,1.0,1.0,24.0,1,15,9,11,18,31,52,-21,1.0,2,18.15,2.017,23.889,0.0,0.0,0.0,0.0,2.2,1.1,29.0,2.0,7.15,2.383,25.0,3.0,8.8,2.2,20.5,4.0,5.435,2.718,26.5,0.0,0.0,0.0,0.0,5.435,2.718,26.5,2.0,0.0,0.0,0.0,0.0,0.0,0.0,0.0,0.0,2,19,4,11,13,31,50,-19,0.82,2
Ligue 1,Dijon FCO,2018,9.2,2.3,23.25,1.6,1.6,23.0,1,1.6,1.6,22.0,1,0.0,0.0,0.0,0,6.0,3.0,24.0,2,4.0,4.0,27.0,4.0,4.0,27.0,1,0.0,0.0,0.0,0,0.0,0.0,0.0,0,0.0,0.0,0.0,0,18,9,7,22,31,60,-29,0.89,2,10.465,1.308,23.75,1.0,1.0,25.0,1.0,2.8,0.933,25.333,3.0,1.5,1.5,25.0,1.0,5.165,1.722,21.333,3.0,24.5,4.083,23.667,0.0,0.0,0.0,0.0,5.0,5.0,22.0,1.0,0.0,0.0,0.0,0.0,19.5,3.9,24.0,5.0,2,16,7,9,12,27,37,-10,1.07,2
Ligue 1,EA Guingamp,2018,3.5,1.75,22.0,0.0,0.0,0.0,0,2.5,2.5,19.0,1,1.0,1.0,25.0,1,0.0,0.0,0.0,0,4.0,4.0,27.0,0.0,0.0,0.0,0,0.0,0.0,0.0,0,4.0,4.0,27.0,1,0.0,0.0,0.0,0,20,5,12,21,28,68,-40,0.71,2,0.0,0.0,0.0,0.0,0.0,0.0,0.0,0.0,0.0,0.0,0.0,0.0,0.0,0.0,0.0,0.0,0.0,0.0,0.0,0.0,0.0,0.0,0.0,0.0,0.0,0.0,0.0,0.0,0.0,0.0,0.0,0.0,0.0,0.0,0.0,0.0,0.0,0.0,2,0,0,0,0,0,0,0,0.0,2
Ligue 1,FC Toulouse,2018,18.45,2.636,26.143,4.0,4.0,27.0,1,3.0,3.0,26.0,1,0.7,0.7,26.0,1,10.75,2.688,26.0,4,35.5,8.875,22.0,8.0,8.0,19.0,1,26.0,13.0,20.0,2,1.5,1.5,29.0,1,0.0,0.0,0.0,0,16,8,14,16,35,57,-22,1.0,2,14.0,4.667,22.667,0.0,0.0,0.0,0.0,2.5,2.5,21.0,1.0,0.0,0.0,0.0,0.0,11.5,5.75,23.5,2.0,17.15,3.43,25.8,0.0,0.0,0.0,0.0,11.0,3.667,26.667,3.0,1.65,1.65,22.0,1.0,4.5,4.5,27.0,1.0,2,20,3,4,21,22,58,-36,0.46,2
Ligue 1,SM Caen,2018,9.95,1.658,27.0,0.0,0.0,0.0,0,0.0,0.0,0.0,0,2.0,1.0,29.5,2,7.95,1.988,25.75,4,14.5,4.833,24.0,0.0,0.0,0.0,0,5.0,5.0,24.0,1,0.0,0.0,0.0,0,9.5,4.75,24.0,2,19,7,12,19,29,54,-25,0.87,2,0.0,0.0,0.0,0.0,0.0,0.0,0.0,0.0,0.0,0.0,0.0,0.0,0.0,0.0,0.0,0.0,0.0,0.0,0.0,0.0,0.0,0.0,0.0,0.0,0.0,0.0,0.0,0.0,0.0,0.0,0.0,0.0,0.0,0.0,0.0,0.0,0.0,0.0,2,0,0,0,0,0,0,0,0.0,2
