league_name,club_name,year,total_fee_in,mean_fee_in,mean_age_in,total_fee_in_GK,mean_fee_in_GK,mean_age_in_GK,count_GK_in,total_fee_in_DEF,mean_fee_in_DEF,mean_age_in_DEF,count_DEF_in,total_fee_in_MID,mean_fee_in_MID,mean_age_in_MID,count_MID_in,total_fee_in_STK,mean_fee_in_STK,mean_age_in_STK,count_STK_in,total_fee_out,mean_fee_out,mean_age_out,total_fee_out_GK,mean_fee_out_GK,mean_age_out_GK,count_GK_out,total_fee_out_DEF,mean_fee_out_DEF,mean_age_out_DEF,count_DEF_out,total_fee_out_MID,mean_fee_out_MID,mean_age_out_MID,count_MID_out,total_fee_out_STK,mean_fee_out_STK,mean_age_out_STK,count_STK_out,PF,Rk,W,D,L,GF,GA,GD,Pts/MP,PF_next_3_years
Ligue 1,AJ Auxerre,2009,1.5,1.5,22.0,0.0,0.0,0.0,0,0.0,0.0,0.0,0,1.5,1.5,22.0,1,0.0,0.0,0.0,0,4.7,2.35,26.0,0.0,0.0,0.0,0,1.0,1.0,26.0,1,3.7,3.7,26.0,1,0.0,0.0,0.0,0,0,3,20,11,7,42,29,13,1.87,2
Ligue 1,FC Girondins Bordeaux,2009,28.5,7.125,25.25,8.0,8.0,27.0,1,4.0,4.0,25.0,1,16.5,8.25,24.5,2,0.0,0.0,0.0,0,11.0,3.667,25.333,0.5,0.5,26.0,1,6.5,6.5,30.0,1,4.0,4.0,20.0,1,0.0,0.0,0.0,0,0,6,19,7,12,58,40,18,1.68,1
Ligue 1,LOSC Lille,2009,8.6,2.867,26.667,1.6,1.6,30.0,1,0.5,0.5,28.0,1,0.0,0.0,0.0,0,6.5,6.5,22.0,1,18.75,9.375,26.0,0.0,0.0,0.0,0,0.0,0.0,0.0,0,18.0,18.0,25.0,1,0.75,0.75,27.0,1,0,4,21,7,10,72,40,32,1.84,0
Ligue 1,Olympique Lyon,2009,82.7,13.783,22.0,0.0,0.0,0.0,0,27.7,9.233,19.333,3,18.0,18.0,25.0,1,37.0,18.5,24.5,2,53.0,6.625,26.5,0.0,0.0,0.0,0,5.0,1.667,26.333,3,2.5,2.5,34.0,1,45.5,11.375,24.75,4,0,2,20,12,6,64,38,26,1.89,0
Ligue 1,Olympique Marseille,2009,42.3,5.288,28.125,0.2,0.2,30.0,1,8.6,2.15,28.5,4,33.5,11.167,27.0,3,0.0,0.0,0.0,0,27.8,5.56,25.6,0.0,0.0,0.0,0,7.0,3.5,25.0,2,12.8,6.4,25.5,2,8.0,8.0,27.0,1,0,1,23,9,6,69,36,33,2.05,0
Ligue 1,AS Monaco,2009,9.9,1.98,25.4,0.0,0.0,0.0,0,0.7,0.7,27.0,1,6.5,3.25,24.5,2,2.7,1.35,25.5,2,6.075,1.519,23.25,0.0,0.0,0.0,0,1.575,0.788,25.0,2,2.0,2.0,23.0,1,2.5,2.5,20.0,1,1,8,15,10,13,39,45,-6,1.45,2
Ligue 1,AS Nancy-Lorraine,2009,5.7,1.425,23.0,0.0,0.0,0.0,0,2.2,1.1,25.0,2,1.0,1.0,22.0,1,2.5,2.5,20.0,1,5.6,1.4,25.25,0.0,0.0,0.0,0,0.2,0.2,21.0,1,0.75,0.75,23.0,1,4.65,2.325,28.5,2,1,12,13,9,16,46,53,-7,1.26,2
Ligue 1,FC Lorient,2009,7.0,1.4,24.6,0.0,0.0,0.0,0,5.5,1.375,24.75,4,1.5,1.5,24.0,1,0.0,0.0,0.0,0,9.5,2.375,28.5,0.0,0.0,0.0,0,6.5,3.25,25.0,2,2.5,2.5,30.0,1,0.5,0.5,34.0,1,1,7,16,10,12,54,42,12,1.53,1
Ligue 1,FC Toulouse,2009,6.0,3.0,21.5,0.0,0.0,0.0,0,0.0,0.0,0.0,0,3.5,3.5,23.0,1,2.5,2.5,20.0,1,11.95,3.983,26.667,8.0,8.0,27.0,1,3.5,3.5,27.0,1,0.0,0.0,0.0,0,0.45,0.45,26.0,1,1,14,12,11,15,36,36,0,1.24,1
Ligue 1,Paris Saint-Germain,2009,15.5,3.875,28.25,0.8,0.8,36.0,1,2.5,2.5,25.0,1,0.0,0.0,0.0,0,12.2,6.1,26.0,2,6.3,1.05,26.667,1.6,1.6,30.0,1,1.7,1.7,25.0,1,2.9,0.967,27.667,3,0.1,0.1,22.0,1,1,13,12,11,15,50,46,4,1.24,0
Ligue 1,RC Lens,2009,4.95,1.237,25.75,0.6,0.6,26.0,1,1.0,1.0,27.0,1,0.35,0.35,22.0,1,3.0,3.0,28.0,1,3.0,1.5,22.5,0.0,0.0,0.0,0,2.5,2.5,17.0,1,0.0,0.0,0.0,0,0.5,0.5,28.0,1,1,11,12,12,14,40,44,-4,1.26,2
Ligue 1,Stade Rennais FC,2009,14.6,4.867,22.0,0.0,0.0,0.0,0,0.0,0.0,0.0,0,3.6,1.8,21.0,2,11.0,11.0,24.0,1,13.802,3.45,27.0,0.0,0.0,0.0,0,1.5,1.5,25.0,1,12.302,4.101,27.667,3,0.0,0.0,0.0,0,1,9,14,11,13,52,41,11,1.39,1
Ligue 1,Valenciennes FC,2009,5.45,1.09,23.8,0.0,0.0,0.0,0,1.2,0.6,22.0,2,2.25,1.125,24.5,2,2.0,2.0,26.0,1,0.5,0.5,29.0,0.0,0.0,0.0,0,0.0,0.0,0.0,0,0.0,0.0,0.0,0,0.5,0.5,29.0,1,1,10,14,10,14,50,50,0,1.37,1
Ligue 1,AS Saint-Étienne,2009,19.5,3.25,24.5,0.8,0.8,28.0,1,0.0,0.0,0.0,0,4.5,2.25,23.5,2,14.2,4.733,24.0,3,14.4,4.8,26.0,0.4,0.4,27.0,1,0.0,0.0,0.0,0,1.0,1.0,28.0,1,13.0,13.0,23.0,1,2,17,10,10,18,27,45,-18,1.05,0
Ligue 1,FC Sochaux-Montbéliard,2009,7.5,1.875,24.75,0.0,0.0,0.0,0,2.0,1.0,27.5,2,0.0,0.0,0.0,0,5.5,2.75,22.0,2,10.2,3.4,21.333,0.0,0.0,0.0,0,0.0,0.0,0.0,0,1.7,0.85,21.0,2,8.5,8.5,22.0,1,2,16,11,8,19,28,52,-24,1.08,2
Ligue 1,Grenoble Foot 38,2009,3.6,0.72,25.6,0.4,0.4,27.0,1,1.5,1.5,22.0,1,1.1,0.55,29.0,2,0.6,0.6,21.0,1,0.0,0.0,0.0,0.0,0.0,0.0,0,0.0,0.0,0.0,0,0.0,0.0,0.0,0,0.0,0.0,0.0,0,2,20,5,8,25,31,61,-30,0.61,2
Ligue 1,Le Mans FC,2009,2.633,0.878,25.667,0.8,0.8,26.0,1,1.5,1.5,28.0,1,0.333,0.333,23.0,1,0.0,0.0,0.0,0,10.5,5.25,22.5,0.0,0.0,0.0,0,0.0,0.0,0.0,0,4.0,4.0,23.0,1,6.5,6.5,22.0,1,2,18,8,8,22,36,59,-23,0.84,2
Ligue 1,OGC Nice,2009,3.5,1.75,25.5,0.0,0.0,0.0,0,0.0,0.0,0.0,0,0.0,0.0,0.0,0,3.5,1.75,25.5,2,1.45,0.483,29.667,0.0,0.0,0.0,0,1.4,0.7,30.5,2,0.0,0.0,0.0,0,0.05,0.05,28.0,1,2,15,11,11,16,41,57,-16,1.16,0
Ligue 1,US Boulogne,2009,2.035,0.509,24.0,0.5,0.5,26.0,1,1.15,0.575,23.0,2,0.0,0.0,0.0,0,0.385,0.385,24.0,1,2.15,2.15,22.0,0.0,0.0,0.0,0,2.15,2.15,22.0,1,0.0,0.0,0.0,0,0.0,0.0,0.0,0,2,19,7,10,21,31,62,-31,0.82,2
Ligue 1,FC Sochaux-Montbéliard,2010,3.3,1.65,26.0,0.0,0.0,0.0,0,0.3,0.3,30.0,1,0.0,0.0,0.0,0,3.0,3.0,22.0,1,2.5,1.25,27.5,0.0,0.0,0.0,0,1.0,1.0,24.0,1,1.5,1.5,31.0,1,0.0,0.0,0.0,0,0,5,17,7,14,60,43,17,1.53,2
Ligue 1,LOSC Lille,2010,0.0,0.0,0.0,0.0,0.0,0.0,0,0.0,0.0,0.0,0,0.0,0.0,0.0,0,0.0,0.0,0.0,0,2.3,1.15,27.0,0.0,0.0,0.0,0,0.0,0.0,0.0,0,0.0,0.0,0.0,0,2.3,1.15,27.0,2,0,1,21,13,4,68,36,32,2.0,0
Ligue 1,Olympique Lyon,2010,28.44,9.48,24.667,0.0,0.0,0.0,0,0.44,0.44,26.0,1,22.0,22.0,24.0,1,6.0,6.0,24.0,1,10.815,2.704,28.75,0.0,0.0,0.0,0,0.915,0.915,30.0,1,8.7,4.35,27.0,2,1.2,1.2,31.0,1,0,3,17,13,8,61,40,21,1.68,0
Ligue 1,Olympique Marseille,2010,41.5,10.375,24.0,0.0,0.0,0.0,0,10.0,5.0,24.5,2,0.0,0.0,0.0,0,31.5,15.75,23.5,2,22.6,3.767,25.0,0.0,0.0,0.0,0,0.8,0.8,22.0,1,8.5,4.25,23.0,2,13.3,4.433,27.333,3,0,2,18,14,6,62,39,23,1.79,0
Ligue 1,Paris Saint-Germain,2010,9.0,3.0,27.667,0.0,0.0,0.0,0,1.5,1.5,28.0,1,7.5,3.75,27.5,2,0.0,0.0,0.0,0,7.0,7.0,26.0,0.0,0.0,0.0,0,0.0,0.0,0.0,0,7.0,7.0,26.0,1,0.0,0.0,0.0,0,0,4,15,15,8,56,41,15,1.58,0
Ligue 1,Stade Rennais FC,2010,22.2,2.775,23.375,1.0,1.0,22.0,1,6.5,3.25,21.5,2,2.7,1.35,26.0,2,12.0,4.0,23.333,3,34.125,6.825,26.6,0.0,0.0,0.0,0,4.125,2.062,30.0,2,0.0,0.0,0.0,0,30.0,10.0,24.333,3,0,6,15,11,12,38,35,3,1.47,1
Ligue 1,AJ Auxerre,2010,3.5,1.75,24.5,0.0,0.0,0.0,0,0.0,0.0,0.0,0,0.5,0.5,24.0,1,3.0,3.0,25.0,1,2.43,1.215,23.5,0.0,0.0,0.0,0,0.93,0.93,26.0,1,0.0,0.0,0.0,0,1.5,1.5,21.0,1,1,9,10,19,9,45,41,4,1.29,2
Ligue 1,AS Nancy-Lorraine,2010,0.0,0.0,0.0,0.0,0.0,0.0,0,0.0,0.0,0.0,0,0.0,0.0,0.0,0,0.0,0.0,0.0,0,8.05,2.013,22.5,0.0,0.0,0.0,0,0.25,0.125,22.0,2,0.0,0.0,0.0,0,7.8,3.9,23.0,2,1,13,13,9,16,43,48,-5,1.26,2
Ligue 1,AS Saint-Étienne,2010,3.925,0.981,26.5,0.0,0.0,0.0,0,0.125,0.125,31.0,1,3.2,1.6,27.0,2,0.6,0.6,21.0,1,5.25,1.312,23.0,0.0,0.0,0.0,0,1.1,1.1,23.0,1,3.25,1.625,23.5,2,0.9,0.9,22.0,1,1,10,12,13,13,46,47,-1,1.29,0
Ligue 1,FC Girondins Bordeaux,2010,10.5,2.1,22.2,0.0,0.0,0.0,0,1.5,1.5,20.0,1,0.0,0.0,0.0,0,9.0,2.25,22.75,4,22.0,22.0,24.0,0.0,0.0,0.0,0,0.0,0.0,0.0,0,22.0,22.0,24.0,1,0.0,0.0,0.0,0,1,7,12,15,11,43,42,1,1.34,1
Ligue 1,FC Lorient,2010,6.0,1.5,22.25,0.0,0.0,0.0,0,3.5,1.75,21.0,2,1.0,1.0,26.0,1,1.5,1.5,21.0,1,12.8,6.4,27.0,0.0,0.0,0.0,0,12.8,6.4,27.0,2,0.0,0.0,0.0,0,0.0,0.0,0.0,0,1,11,12,13,13,46,48,-2,1.29,1
Ligue 1,FC Toulouse,2010,0.0,0.0,0.0,0.0,0.0,0.0,0,0.0,0.0,0.0,0,0.0,0.0,0.0,0,0.0,0.0,0.0,0,16.65,5.55,23.0,0.0,0.0,0.0,0,0.3,0.3,24.0,1,0.0,0.0,0.0,0,16.35,8.175,22.5,2,1,8,14,8,16,38,36,2,1.32,1
Ligue 1,Montpellier HSC,2010,4.3,1.075,25.25,0.0,0.0,0.0,0,0.8,0.8,22.0,1,1.0,1.0,27.0,1,2.5,1.25,26.0,2,14.0,4.667,24.333,1.0,1.0,22.0,1,0.0,0.0,0.0,0,6.5,6.5,25.0,1,6.5,6.5,26.0,1,1,14,12,11,15,32,43,-11,1.24,2
Ligue 1,Valenciennes FC,2010,1.8,0.9,23.0,0.0,0.0,0.0,0,0.0,0.0,0.0,0,0.0,0.0,0.0,0,1.8,0.9,23.0,2,8.5,2.833,27.0,0.0,0.0,0.0,0,1.5,1.5,28.0,1,0.0,0.0,0.0,0,7.0,3.5,26.5,2,1,12,10,18,10,45,41,4,1.26,2
Ligue 1,AS Monaco,2010,9.75,1.95,23.8,0.0,0.0,0.0,0,0.7,0.7,28.0,1,0.0,0.0,0.0,0,9.05,2.262,22.75,4,14.1,2.014,26.714,0.0,0.0,0.0,0,0.0,0.0,0.0,0,7.2,2.4,28.667,3,6.9,1.725,25.25,4,2,18,9,17,12,36,40,-4,1.16,0
Ligue 1,Athlétic Club Arlésien,2010,0.0,0.0,0.0,0.0,0.0,0.0,0,0.0,0.0,0.0,0,0.0,0.0,0.0,0,0.0,0.0,0.0,0,0.5,0.25,26.5,0.0,0.0,0.0,0,0.2,0.2,29.0,1,0.0,0.0,0.0,0,0.3,0.3,24.0,1,2,20,3,11,24,21,70,-49,0.53,2
Ligue 1,OGC Nice,2010,1.7,0.567,25.333,0.0,0.0,0.0,0,1.4,0.7,22.5,2,0.0,0.0,0.0,0,0.3,0.3,31.0,1,23.0,7.667,22.667,0.0,0.0,0.0,0,4.0,4.0,23.0,1,0.0,0.0,0.0,0,19.0,9.5,22.5,2,2,17,11,13,14,33,48,-15,1.21,2
Ligue 1,RC Lens,2010,0.0,0.0,0.0,0.0,0.0,0.0,0,0.0,0.0,0.0,0,0.0,0.0,0.0,0,0.0,0.0,0.0,0,8.315,2.772,25.0,0.0,0.0,0.0,0,0.0,0.0,0.0,0,0.315,0.315,23.0,1,8.0,4.0,26.0,2,2,19,7,14,17,35,58,-23,0.92,2
Ligue 1,SM Caen,2010,4.2,2.1,22.0,0.0,0.0,0.0,0,0.0,0.0,0.0,0,3.0,3.0,21.0,1,1.2,1.2,23.0,1,0.0,0.0,0.0,0.0,0.0,0.0,0,0.0,0.0,0.0,0,0.0,0.0,0.0,0,0.0,0.0,0.0,0,2,15,11,13,14,46,51,-5,1.21,2
Ligue 1,Stade Brestois 29,2010,3.8,0.543,24.429,0.0,0.0,0.0,0,1.6,0.533,23.667,3,1.0,0.5,24.5,2,1.2,0.6,25.5,2,0.0,0.0,0.0,0.0,0.0,0.0,0,0.0,0.0,0.0,0,0.0,0.0,0.0,0,0.0,0.0,0.0,0,2,16,11,13,14,36,43,-7,1.21,2
Ligue 1,FC Girondins Bordeaux,2011,4.0,2.0,26.0,0.0,0.0,0.0,0,3.0,3.0,25.0,1,1.0,1.0,27.0,1,0.0,0.0,0.0,0,12.5,4.167,29.333,0.0,0.0,0.0,0,0.0,0.0,0.0,0,12.5,4.167,29.333,3,0.0,0.0,0.0,0,0,5,16,13,9,53,41,12,1.61,0
Ligue 1,LOSC Lille,2011,23.4,2.925,25.375,0.0,0.0,0.0,0,2.2,0.733,29.0,3,10.5,5.25,27.0,2,10.7,3.567,20.667,3,36.9,5.271,25.429,0.0,0.0,0.0,0,8.0,4.0,25.0,2,6.0,3.0,26.0,2,22.9,7.633,25.333,3,0,3,21,11,6,72,39,33,1.95,1
Ligue 1,Montpellier HSC,2011,2.0,2.0,27.0,0.0,0.0,0.0,0,2.0,2.0,27.0,1,0.0,0.0,0.0,0,0.0,0.0,0.0,0,2.0,2.0,30.0,0.0,0.0,0.0,0,2.0,2.0,30.0,1,0.0,0.0,0.0,0,0.0,0.0,0.0,0,0,1,25,7,6,68,34,34,2.16,1
Ligue 1,Olympique Lyon,2011,4.6,1.533,22.333,0.0,0.0,0.0,0,2.8,1.4,23.5,2,1.8,1.8,20.0,1,0.0,0.0,0.0,0,22.0,11.0,24.0,0.0,0.0,0.0,0,0.0,0.0,0.0,0,22.0,11.0,24.0,2,0.0,0.0,0.0,0,0,4,19,7,12,64,51,13,1.68,0
Ligue 1,Paris Saint-Germain,2011,107.1,9.736,26.273,3.9,3.9,24.0,1,14.7,3.675,29.0,4,69.5,17.375,25.25,4,19.0,9.5,24.0,2,9.4,2.35,23.0,0.0,0.0,0.0,0,0.5,0.5,21.0,1,2.3,1.15,23.5,2,6.6,6.6,24.0,1,0,2,23,10,5,75,41,34,2.08,0
Ligue 1,Stade Rennais FC,2011,16.8,3.36,25.6,0.0,0.0,0.0,0,1.0,1.0,20.0,1,4.0,4.0,28.0,1,11.8,3.933,26.667,3,5.5,1.375,22.5,0.0,0.0,0.0,0,1.5,1.5,22.0,1,2.5,1.25,23.5,2,1.5,1.5,21.0,1,0,6,17,9,12,53,44,9,1.58,1
Ligue 1,AS Nancy-Lorraine,2011,5.35,1.07,23.4,0.8,0.8,25.0,1,0.0,0.0,0.0,0,1.9,0.95,24.0,2,2.65,1.325,22.0,2,9.6,1.6,26.333,0.0,0.0,0.0,0,0.7,0.35,27.5,2,7.2,2.4,24.0,3,1.7,1.7,31.0,1,1,11,11,12,15,38,48,-10,1.18,2
Ligue 1,AS Saint-Étienne,2011,16.1,1.61,25.1,3.0,3.0,24.0,1,2.3,1.15,29.0,2,3.3,1.65,25.0,2,7.5,1.5,23.8,5,28.86,3.608,25.0,0.0,0.0,0.0,0,0.46,0.46,32.0,1,18.0,4.5,24.25,4,10.4,3.467,23.667,3,1,7,16,9,13,49,45,4,1.5,0
Ligue 1,FC Sochaux-Montbéliard,2011,5.25,1.312,20.5,0.0,0.0,0.0,0,3.5,1.75,20.0,2,0.0,0.0,0.0,0,1.75,0.875,21.0,2,11.5,5.75,23.5,0.0,0.0,0.0,0,0.0,0.0,0.0,0,2.5,2.5,25.0,1,9.0,9.0,22.0,1,1,14,11,9,18,40,60,-20,1.11,2
Ligue 1,FC Toulouse,2011,13.34,2.668,23.0,0.0,0.0,0.0,0,3.54,1.18,22.0,3,0.0,0.0,0.0,0,9.8,4.9,24.5,2,4.8,1.6,25.333,0.0,0.0,0.0,0,0.45,0.45,29.0,1,0.0,0.0,0.0,0,4.35,2.175,23.5,2,1,8,15,11,12,37,34,3,1.47,2
Ligue 1,FC Évian Thonon Gaillard,2011,1.85,0.617,24.0,0.35,0.35,29.0,1,0.5,0.5,22.0,1,1.0,1.0,21.0,1,0.0,0.0,0.0,0,0.0,0.0,0.0,0.0,0.0,0.0,0,0.0,0.0,0.0,0,0.0,0.0,0.0,0,0.0,0.0,0.0,0,1,9,13,11,14,54,55,-1,1.32,2
Ligue 1,OGC Nice,2011,8.35,1.392,24.667,0.0,0.0,0.0,0,2.1,2.1,24.0,1,3.55,1.183,24.667,3,2.7,1.35,25.0,2,0.6,0.3,25.0,0.0,0.0,0.0,0,0.5,0.5,24.0,1,0.0,0.0,0.0,0,0.1,0.1,26.0,1,1,13,10,12,16,39,46,-7,1.11,1
Ligue 1,Olympique Marseille,2011,11.0,3.667,25.667,0.0,0.0,0.0,0,6.0,3.0,24.0,2,5.0,5.0,29.0,1,0.0,0.0,0.0,0,0.0,0.0,0.0,0.0,0.0,0.0,0,0.0,0.0,0.0,0,0.0,0.0,0.0,0,0.0,0.0,0.0,0,1,10,12,12,14,45,41,4,1.26,0
Ligue 1,Valenciennes FC,2011,4.1,1.025,22.5,0.0,0.0,0.0,0,3.1,1.55,21.5,2,1.0,0.5,23.5,2,0.0,0.0,0.0,0,4.2,2.1,23.5,0.0,0.0,0.0,0,3.2,3.2,27.0,1,1.0,1.0,20.0,1,0.0,0.0,0.0,0,1,12,12,7,19,40,50,-10,1.13,2
Ligue 1,AC Ajaccio,2011,0.2,0.2,25.0,0.0,0.0,0.0,0,0.0,0.0,0.0,0,0.2,0.2,25.0,1,0.0,0.0,0.0,0,0.0,0.0,0.0,0.0,0.0,0.0,0,0.0,0.0,0.0,0,0.0,0.0,0.0,0,0.0,0.0,0.0,0,2,16,9,14,15,40,61,-21,1.08,2
Ligue 1,AJ Auxerre,2011,3.75,1.25,25.333,0.0,0.0,0.0,0,0.0,0.0,0.0,0,1.75,0.875,24.5,2,2.0,2.0,27.0,1,3.5,1.75,30.0,0.0,0.0,0.0,0,2.0,2.0,30.0,1,1.5,1.5,30.0,1,0.0,0.0,0.0,0,2,20,7,13,18,46,57,-11,0.89,2
Ligue 1,Dijon FCO,2011,5.85,0.836,24.429,0.0,0.0,0.0,0,2.0,1.0,22.0,2,0.8,0.4,23.5,2,3.05,1.017,26.667,3,0.0,0.0,0.0,0.0,0.0,0.0,0,0.0,0.0,0.0,0,0.0,0.0,0.0,0,0.0,0.0,0.0,0,2,19,9,9,20,38,63,-25,0.95,2
Ligue 1,FC Lorient,2011,11.1,1.85,23.0,0.0,0.0,0.0,0,2.0,2.0,24.0,1,3.5,1.75,22.5,2,5.6,1.867,23.0,3,16.0,5.333,24.333,0.0,0.0,0.0,0,2.5,2.5,27.0,1,0.0,0.0,0.0,0,13.5,6.75,23.0,2,2,17,9,12,17,35,49,-14,1.03,2
Ligue 1,SM Caen,2011,0.3,0.3,26.0,0.0,0.0,0.0,0,0.3,0.3,26.0,1,0.0,0.0,0.0,0,0.0,0.0,0.0,0,9.0,3.0,23.667,0.0,0.0,0.0,0,0.0,0.0,0.0,0,1.0,1.0,22.0,1,8.0,4.0,24.5,2,2,18,9,11,18,39,59,-20,1.0,1
Ligue 1,Stade Brestois 29,2011,2.5,0.625,22.75,0.0,0.0,0.0,0,1.3,0.65,20.5,2,0.7,0.7,21.0,1,0.5,0.5,29.0,1,8.0,8.0,23.0,0.0,0.0,0.0,0,0.0,0.0,0.0,0,0.0,0.0,0.0,0,8.0,8.0,23.0,1,2,15,8,17,13,31,38,-7,1.08,2
Ligue 1,AS Saint-Étienne,2012,4.5,2.25,23.5,0.0,0.0,0.0,0,0.5,0.5,22.0,1,0.0,0.0,0.0,0,4.0,4.0,25.0,1,4.6,2.3,22.5,0.0,0.0,0.0,0,0.8,0.8,21.0,1,0.0,0.0,0.0,0,3.8,3.8,24.0,1,0,5,16,15,7,60,32,28,1.66,0
Ligue 1,LOSC Lille,2012,22.5,3.75,20.333,0.0,0.0,0.0,0,2.5,2.5,19.0,1,12.7,6.35,21.0,2,7.3,2.433,20.333,3,41.2,20.6,24.0,0.0,0.0,0.0,0,6.2,6.2,27.0,1,0.0,0.0,0.0,0,35.0,35.0,21.0,1,0,6,16,14,8,59,40,19,1.63,0
Ligue 1,OGC Nice,2012,6.0,2.0,23.667,0.0,0.0,0.0,0,3.0,3.0,23.0,1,1.5,1.5,20.0,1,1.5,1.5,28.0,1,8.7,1.74,24.4,0.0,0.0,0.0,0,3.0,3.0,25.0,1,1.5,1.5,26.0,1,4.2,1.4,23.667,3,0,4,18,10,10,57,46,11,1.68,0
Ligue 1,Olympique Lyon,2012,8.75,2.917,26.667,0.0,0.0,0.0,0,5.75,2.875,26.5,2,3.0,3.0,27.0,1,0.0,0.0,0.0,0,30.1,4.3,24.286,12.6,12.6,25.0,1,9.0,4.5,23.5,2,5.0,1.667,26.0,3,3.5,3.5,20.0,1,0,3,19,10,9,61,38,23,1.76,0
Ligue 1,Olympique Marseille,2012,8.7,1.45,25.167,0.4,0.4,18.0,1,2.8,1.4,23.5,2,2.5,1.25,29.0,2,3.0,3.0,28.0,1,29.8,5.96,26.0,0.0,0.0,0.0,0,8.8,8.8,22.0,1,10.5,3.5,27.333,3,10.5,10.5,26.0,1,0,2,21,8,9,42,36,6,1.87,1
Ligue 1,Paris Saint-Germain,2012,151.0,25.167,24.5,0.0,0.0,0.0,0,48.0,24.0,25.5,2,12.0,12.0,19.0,1,91.0,30.333,25.667,3,4.75,2.375,28.0,0.0,0.0,0.0,0,2.75,2.75,28.0,1,0.0,0.0,0.0,0,2.0,2.0,28.0,1,0,1,25,8,5,69,23,46,2.18,0
Ligue 1,FC Girondins Bordeaux,2012,2.8,2.8,19.0,0.0,0.0,0.0,0,0.0,0.0,0.0,0,0.0,0.0,0.0,0,2.8,2.8,19.0,1,5.5,1.375,24.25,0.0,0.0,0.0,0,2.7,1.35,24.5,2,0.8,0.8,22.0,1,2.0,2.0,26.0,1,1,7,13,16,9,40,34,6,1.45,1
Ligue 1,FC Lorient,2012,10.0,3.333,22.667,0.0,0.0,0.0,0,0.0,0.0,0.0,0,10.0,3.333,22.667,3,0.0,0.0,0.0,0,5.0,2.5,28.0,0.0,0.0,0.0,0,0.0,0.0,0.0,0,5.0,2.5,28.0,2,0.0,0.0,0.0,0,1,8,14,11,13,57,58,-1,1.39,2
Ligue 1,FC Toulouse,2012,1.0,1.0,26.0,0.0,0.0,0.0,0,0.0,0.0,0.0,0,0.0,0.0,0.0,0,1.0,1.0,26.0,1,14.1,2.82,25.4,0.0,0.0,0.0,0,5.0,5.0,27.0,1,4.7,2.35,24.5,2,4.4,2.2,25.5,2,1,10,13,12,13,49,47,2,1.34,2
Ligue 1,Montpellier HSC,2012,12.5,3.125,24.75,0.0,0.0,0.0,0,5.0,5.0,27.0,1,0.0,0.0,0.0,0,7.5,2.5,24.0,3,20.0,10.0,24.0,0.0,0.0,0.0,0,8.0,8.0,23.0,1,0.0,0.0,0.0,0,12.0,12.0,25.0,1,1,9,15,7,16,54,51,3,1.37,1
Ligue 1,SC Bastia,2012,0.0,0.0,0.0,0.0,0.0,0.0,0,0.0,0.0,0.0,0,0.0,0.0,0.0,0,0.0,0.0,0.0,0,7.5,3.75,20.5,0.0,0.0,0.0,0,0.0,0.0,0.0,0,4.0,4.0,21.0,1,3.5,3.5,20.0,1,1,12,13,8,17,50,66,-16,1.24,1
Ligue 1,Stade Reims,2012,3.35,0.838,23.75,0.0,0.0,0.0,0,0.0,0.0,0.0,0,1.65,0.825,23.0,2,1.7,0.85,24.5,2,0.0,0.0,0.0,0.0,0.0,0.0,0,0.0,0.0,0.0,0,0.0,0.0,0.0,0,0.0,0.0,0.0,0,1,14,10,13,15,33,42,-9,1.13,2
Ligue 1,Stade Rennais FC,2012,8.7,2.9,22.0,0.0,0.0,0.0,0,0.0,0.0,0.0,0,6.2,3.1,21.5,2,2.5,2.5,23.0,1,27.5,3.438,25.375,0.0,0.0,0.0,0,3.0,3.0,29.0,1,16.0,5.333,23.667,3,8.5,2.125,25.75,4,1,13,13,7,18,48,59,-11,1.21,1
Ligue 1,Valenciennes FC,2012,3.6,0.9,24.0,0.0,0.0,0.0,0,2.3,1.15,20.5,2,0.0,0.0,0.0,0,1.3,0.65,27.5,2,4.0,2.0,27.0,0.0,0.0,0.0,0,3.5,3.5,25.0,1,0.5,0.5,29.0,1,0.0,0.0,0.0,0,1,11,12,12,14,49,53,-4,1.26,2
Ligue 1,AC Ajaccio,2012,0.0,0.0,0.0,0.0,0.0,0.0,0,0.0,0.0,0.0,0,0.0,0.0,0.0,0,0.0,0.0,0.0,0,1.0,1.0,27.0,0.0,0.0,0.0,0,0.0,0.0,0.0,0,1.0,1.0,27.0,1,0.0,0.0,0.0,0,2,17,9,15,14,39,51,-12,1.05,2
Ligue 1,AS Nancy-Lorraine,2012,4.7,1.175,21.25,0.0,0.0,0.0,0,1.2,1.2,21.0,1,1.5,0.75,21.0,2,2.0,2.0,22.0,1,6.5,3.25,21.5,0.0,0.0,0.0,0,2.5,2.5,20.0,1,4.0,4.0,23.0,1,0.0,0.0,0.0,0,2,18,9,11,18,38,58,-20,1.0,2
Ligue 1,ESTAC Troyes,2012,0.5,0.5,20.0,0.0,0.0,0.0,0,0.5,0.5,20.0,1,0.0,0.0,0.0,0,0.0,0.0,0.0,0,4.45,1.483,24.0,0.0,0.0,0.0,0,2.5,2.5,19.0,1,1.2,1.2,29.0,1,0.75,0.75,24.0,1,2,19,8,13,17,43,61,-18,0.97,2
Ligue 1,FC Sochaux-Montbéliard,2012,7.75,1.55,24.0,0.0,0.0,0.0,0,0.0,0.0,0.0,0,4.75,2.375,24.0,2,3.0,1.0,24.0,3,16.86,4.215,24.0,0.0,0.0,0.0,0,0.75,0.75,28.0,1,10.0,10.0,24.0,1,6.11,3.055,22.0,2,2,15,10,11,17,41,57,-16,1.08,2
Ligue 1,FC Évian Thonon Gaillard,2012,1.6,0.8,21.5,0.0,0.0,0.0,0,0.4,0.4,20.0,1,1.2,1.2,23.0,1,0.0,0.0,0.0,0,0.0,0.0,0.0,0.0,0.0,0.0,0,0.0,0.0,0.0,0,0.0,0.0,0.0,0,0.0,0.0,0.0,0,2,16,10,10,18,46,53,-7,1.05,2
Ligue 1,Stade Brestois 29,2012,2.45,1.225,24.5,1.2,1.2,27.0,1,0.0,0.0,0.0,0,0.0,0.0,0.0,0,1.25,1.25,22.0,1,1.5,0.75,24.5,0.0,0.0,0.0,0,0.0,0.0,0.0,0,0.5,0.5,23.0,1,1.0,1.0,26.0,1,2,20,8,5,25,32,62,-30,0.76,2
Ligue 1,AS Monaco,2013,160.7,16.07,22.8,0.0,0.0,0.0,0,7.7,2.567,21.667,3,95.0,23.75,24.0,4,58.0,19.333,22.333,3,5.55,1.85,27.333,0.0,0.0,0.0,0,0.0,0.0,0.0,0,1.8,0.9,27.5,2,3.75,3.75,27.0,1,0,2,23,11,4,63,31,32,2.11,0
Ligue 1,AS Saint-Étienne,2013,16.6,2.767,25.0,0.0,0.0,0.0,0,7.0,2.333,25.667,3,5.0,5.0,26.0,1,4.5,4.5,26.0,1,42.95,8.59,23.0,0.0,0.0,0.0,0,19.6,9.8,20.5,2,10.0,10.0,22.0,1,13.35,6.675,26.0,2,0,4,20,9,9,56,34,22,1.82,1
Ligue 1,LOSC Lille,2013,2.95,1.475,22.5,0.0,0.0,0.0,0,2.95,1.475,22.5,2,0.0,0.0,0.0,0,0.0,0.0,0.0,0,42.0,10.5,23.25,0.0,0.0,0.0,0,21.3,10.65,23.5,2,8.7,8.7,26.0,1,12.0,12.0,20.0,1,0,3,20,11,7,46,26,20,1.87,1
Ligue 1,Olympique Lyon,2013,4.0,1.333,28.667,0.0,0.0,0.0,0,3.0,1.5,27.5,2,0.0,0.0,0.0,0,1.0,1.0,31.0,1,24.5,6.125,27.0,0.0,0.0,0.0,0,13.3,6.65,24.5,2,4.0,4.0,29.0,1,7.2,7.2,30.0,1,0,5,17,10,11,56,44,12,1.61,0
Ligue 1,Olympique Marseille,2013,39.4,5.629,21.857,0.0,0.0,0.0,0,4.0,4.0,18.0,1,20.9,5.225,22.25,4,14.5,7.25,23.0,2,1.05,0.35,24.667,0.0,0.0,0.0,0,0.3,0.3,26.0,1,0.75,0.375,24.0,2,0.0,0.0,0.0,0,0,6,16,12,10,53,40,13,1.58,0
Ligue 1,Paris Saint-Germain,2013,135.9,33.975,23.0,0.0,0.0,0.0,0,46.4,23.2,19.0,2,25.0,25.0,28.0,1,64.5,64.5,26.0,1,26.5,13.25,24.5,0.0,0.0,0.0,0,19.0,19.0,23.0,1,0.0,0.0,0.0,0,7.5,7.5,26.0,1,0,1,27,8,3,84,23,61,2.34,0
Ligue 1,FC Girondins Bordeaux,2013,3.5,3.5,24.0,0.0,0.0,0.0,0,3.5,3.5,24.0,1,0.0,0.0,0.0,0,0.0,0.0,0.0,0,11.0,3.667,27.0,0.0,0.0,0.0,0,6.5,6.5,27.0,1,1.5,1.5,29.0,1,3.0,3.0,25.0,1,1,7,13,14,11,49,43,6,1.39,0
Ligue 1,FC Lorient,2013,3.0,1.5,19.0,0.0,0.0,0.0,0,2.5,2.5,19.0,1,0.5,0.5,19.0,1,0.0,0.0,0.0,0,12.09,4.03,23.333,0.0,0.0,0.0,0,0.0,0.0,0.0,0,9.0,4.5,23.0,2,3.09,3.09,24.0,1,1,8,13,10,15,48,53,-5,1.29,2
Ligue 1,FC Nantes,2013,3.35,0.67,26.6,0.0,0.0,0.0,0,1.2,0.6,29.0,2,0.8,0.8,26.0,1,1.35,0.675,24.5,2,0.5,0.5,29.0,0.0,0.0,0.0,0,0.5,0.5,29.0,1,0.0,0.0,0.0,0,0.0,0.0,0.0,0,1,13,12,10,16,38,43,-5,1.21,1
Ligue 1,FC Toulouse,2013,13.55,1.694,23.375,1.5,1.5,21.0,1,3.3,1.1,23.333,3,6.75,2.25,24.667,3,2.0,2.0,22.0,1,20.7,5.175,26.0,0.0,0.0,0.0,0,7.0,3.5,24.5,2,11.0,11.0,25.0,1,2.7,2.7,30.0,1,1,9,12,13,13,46,53,-7,1.29,1
Ligue 1,FC Évian Thonon Gaillard,2013,2.6,0.867,24.333,0.0,0.0,0.0,0,0.3,0.3,26.0,1,0.8,0.8,25.0,1,1.5,1.5,22.0,1,8.5,1.7,23.6,0.0,0.0,0.0,0,0.5,0.5,21.0,1,3.7,1.85,23.0,2,4.3,2.15,25.5,2,1,14,11,11,16,39,51,-12,1.16,2
Ligue 1,SC Bastia,2013,1.8,0.9,25.5,0.0,0.0,0.0,0,0.0,0.0,0.0,0,1.0,1.0,23.0,1,0.8,0.8,28.0,1,2.2,2.2,24.0,0.0,0.0,0.0,0,0.0,0.0,0.0,0,2.2,2.2,24.0,1,0.0,0.0,0.0,0,1,10,13,10,15,42,56,-14,1.29,2
Ligue 1,Stade Reims,2013,3.13,0.782,23.5,0.0,0.0,0.0,0,0.03,0.03,21.0,1,0.6,0.6,23.0,1,2.5,1.25,25.0,2,0.0,0.0,0.0,0.0,0.0,0.0,0,0.0,0.0,0.0,0,0.0,0.0,0.0,0,0.0,0.0,0.0,0,1,11,12,12,14,44,52,-8,1.26,2
Ligue 1,Stade Rennais FC,2013,15.05,1.881,25.375,0.0,0.0,0.0,0,2.0,2.0,25.0,1,5.75,1.917,28.667,3,7.3,1.825,23.0,4,16.6,2.371,24.143,0.0,0.0,0.0,0,8.5,2.833,22.333,3,0.0,0.0,0.0,0,8.1,2.025,25.5,4,1,12,11,13,14,47,45,2,1.21,1
Ligue 1,EA Guingamp,2013,1.2,0.6,24.0,0.0,0.0,0.0,0,0.0,0.0,0.0,0,0.7,0.7,23.0,1,0.5,0.5,25.0,1,7.5,7.5,20.0,0.0,0.0,0.0,0,0.0,0.0,0.0,0,7.5,7.5,20.0,1,0.0,0.0,0.0,0,2,16,11,9,18,34,42,-8,1.11,1
Ligue 1,FC Sochaux-Montbéliard,2013,3.15,1.05,24.667,0.0,0.0,0.0,0,1.4,0.7,25.0,2,1.75,1.75,24.0,1,0.0,0.0,0.0,0,2.5,1.25,23.5,0.0,0.0,0.0,0,0.0,0.0,0.0,0,1.0,1.0,23.0,1,1.5,1.5,24.0,1,2,18,10,10,18,37,61,-24,1.05,2
Ligue 1,Montpellier HSC,2013,2.5,0.833,23.0,0.0,0.0,0.0,0,1.0,1.0,22.0,1,0.7,0.7,18.0,1,0.8,0.8,29.0,1,14.5,3.625,26.5,0.0,0.0,0.0,0,2.0,2.0,29.0,1,11.5,5.75,26.5,2,1.0,1.0,24.0,1,2,15,8,18,12,45,53,-8,1.11,2
Ligue 1,Valenciennes FC,2013,1.2,0.6,22.5,0.0,0.0,0.0,0,0.5,0.5,23.0,1,0.0,0.0,0.0,0,0.7,0.7,22.0,1,6.0,2.0,25.667,0.0,0.0,0.0,0,5.0,2.5,23.0,2,0.0,0.0,0.0,0,1.0,1.0,31.0,1,2,19,7,8,23,37,65,-28,0.76,2
Ligue 1,AS Monaco,2014,39.75,9.938,20.75,3.0,3.0,20.0,1,13.0,13.0,24.0,1,23.75,11.875,19.5,2,0.0,0.0,0.0,0,89.12,22.28,25.25,0.0,0.0,0.0,0,0.2,0.2,26.0,1,75.0,75.0,23.0,1,13.92,6.96,26.0,2,0,3,20,11,7,51,26,25,1.87,0
Ligue 1,AS Saint-Étienne,2014,4.0,4.0,24.0,0.0,0.0,0.0,0,0.0,0.0,0.0,0,0.0,0.0,0.0,0,4.0,4.0,24.0,1,0.0,0.0,0.0,0.0,0.0,0.0,0,0.0,0.0,0.0,0,0.0,0.0,0.0,0,0.0,0.0,0.0,0,0,5,19,12,7,51,30,21,1.82,1
Ligue 1,FC Girondins Bordeaux,2014,7.7,1.54,24.4,0.0,0.0,0.0,0,1.5,0.75,25.0,2,0.7,0.7,27.0,1,5.5,2.75,22.5,2,4.5,2.25,22.5,0.0,0.0,0.0,0,3.5,3.5,25.0,1,0.0,0.0,0.0,0,1.0,1.0,20.0,1,0,6,17,12,9,47,44,3,1.66,0
Ligue 1,Olympique Lyon,2014,5.65,1.883,23.333,0.0,0.0,0.0,0,3.0,1.5,26.0,2,0.0,0.0,0.0,0,2.65,2.65,18.0,1,1.5,0.75,20.5,0.0,0.0,0.0,0,1.0,1.0,20.0,1,0.0,0.0,0.0,0,0.5,0.5,21.0,1,0,2,22,9,7,72,33,39,1.97,0
Ligue 1,Olympique Marseille,2014,20.5,5.125,22.25,0.0,0.0,0.0,0,5.0,5.0,19.0,1,4.5,4.5,25.0,1,11.0,5.5,22.5,2,17.5,3.5,25.8,0.0,0.0,0.0,0,5.0,5.0,24.0,1,8.0,4.0,29.0,2,4.5,2.25,23.5,2,0,4,21,6,11,76,42,34,1.82,0
Ligue 1,Paris Saint-Germain,2014,49.5,49.5,27.0,0.0,0.0,0.0,0,49.5,49.5,27.0,1,0.0,0.0,0.0,0,0.0,0.0,0.0,0,2.2,1.1,28.5,0.0,0.0,0.0,0,1.5,1.5,30.0,1,0.7,0.7,27.0,1,0.0,0.0,0.0,0,0,1,24,11,3,83,36,47,2.18,0
Ligue 1,EA Guingamp,2014,2.56,0.853,25.667,0.5,0.5,25.0,1,0.0,0.0,0.0,0,0.16,0.16,28.0,1,1.9,1.9,24.0,1,2.5,2.5,28.0,0.0,0.0,0.0,0,0.0,0.0,0.0,0,0.0,0.0,0.0,0,2.5,2.5,28.0,1,1,10,15,4,19,41,55,-14,1.29,1
Ligue 1,FC Nantes,2014,0.42,0.42,27.0,0.0,0.0,0.0,0,0.0,0.0,0.0,0,0.0,0.0,0.0,0,0.42,0.42,27.0,1,0.0,0.0,0.0,0.0,0.0,0.0,0,0.0,0.0,0.0,0,0.0,0.0,0.0,0,0.0,0.0,0.0,0,1,14,11,12,15,29,40,-11,1.18,1
Ligue 1,LOSC Lille,2014,7.8,2.6,21.333,0.0,0.0,0.0,0,1.8,1.8,23.0,1,0.0,0.0,0.0,0,6.0,3.0,20.5,2,19.73,6.577,24.0,0.0,0.0,0.0,0,5.3,5.3,24.0,1,0.0,0.0,0.0,0,14.43,7.215,24.0,2,1,8,16,8,14,43,42,1,1.47,2
Ligue 1,Montpellier HSC,2014,4.0,1.333,23.667,0.0,0.0,0.0,0,0.0,0.0,0.0,0,0.5,0.5,24.0,1,3.5,1.75,23.5,2,15.9,7.95,24.0,0.0,0.0,0.0,0,0.0,0.0,0.0,0,15.9,7.95,24.0,2,0.0,0.0,0.0,0,1,7,16,8,14,46,39,7,1.47,1
Ligue 1,OGC Nice,2014,1.3,0.65,22.5,0.0,0.0,0.0,0,0.8,0.8,24.0,1,0.0,0.0,0.0,0,0.5,0.5,21.0,1,7.4,2.467,24.667,4.0,4.0,25.0,1,3.0,3.0,22.0,1,0.0,0.0,0.0,0,0.4,0.4,27.0,1,1,11,13,9,16,44,53,-9,1.26,1
Ligue 1,SC Bastia,2014,0.1,0.1,19.0,0.0,0.0,0.0,0,0.0,0.0,0.0,0,0.0,0.0,0.0,0,0.1,0.1,19.0,1,2.0,2.0,23.0,0.0,0.0,0.0,0,0.0,0.0,0.0,0,0.0,0.0,0.0,0,2.0,2.0,23.0,1,1,12,12,11,15,37,46,-9,1.24,2
Ligue 1,SM Caen,2014,0.8,0.4,25.5,0.0,0.0,0.0,0,0.3,0.3,26.0,1,0.0,0.0,0.0,0,0.5,0.5,25.0,1,0.0,0.0,0.0,0.0,0.0,0.0,0,0.0,0.0,0.0,0,0.0,0.0,0.0,0,0.0,0.0,0.0,0,1,13,12,10,16,54,55,-1,1.21,2
Ligue 1,Stade Rennais FC,2014,15.14,1.514,23.5,0.3,0.3,18.0,1,7.44,1.86,23.5,4,2.6,1.3,23.5,2,4.8,1.6,25.333,3,20.5,5.125,23.25,0.0,0.0,0.0,0,2.5,2.5,21.0,1,8.0,8.0,19.0,1,10.0,5.0,26.5,2,1,9,13,11,14,35,42,-7,1.32,0
Ligue 1,FC Lorient,2014,8.45,2.112,22.5,0.0,0.0,0.0,0,0.0,0.0,0.0,0,0.95,0.95,20.0,1,7.5,2.5,23.333,3,19.2,4.8,25.25,0.0,0.0,0.0,0,6.3,6.3,26.0,1,0.2,0.2,22.0,1,12.7,6.35,26.5,2,2,16,12,7,19,44,50,-6,1.13,2
Ligue 1,FC Metz,2014,3.6,0.9,24.5,0.0,0.0,0.0,0,0.0,0.0,0.0,0,1.5,0.75,25.0,2,2.1,1.05,24.0,2,7.65,3.825,21.0,0.0,0.0,0.0,0,0.0,0.0,0.0,0,0.0,0.0,0.0,0,7.65,3.825,21.0,2,2,19,7,9,22,31,61,-30,0.79,2
Ligue 1,FC Toulouse,2014,3.0,1.0,24.667,0.0,0.0,0.0,0,1.0,1.0,27.0,1,1.2,1.2,25.0,1,0.8,0.8,22.0,1,13.7,6.85,25.5,0.0,0.0,0.0,0,13.0,13.0,24.0,1,0.0,0.0,0.0,0,0.7,0.7,27.0,1,2,17,12,6,20,43,64,-21,1.11,2
Ligue 1,FC Évian Thonon Gaillard,2014,2.25,1.125,25.5,0.25,0.25,25.0,1,0.0,0.0,0.0,0,0.0,0.0,0.0,0,2.0,2.0,26.0,1,3.0,3.0,26.0,0.0,0.0,0.0,0,0.0,0.0,0.0,0,0.0,0.0,0.0,0,3.0,3.0,26.0,1,2,18,11,4,23,41,62,-21,0.97,2
Ligue 1,RC Lens,2014,0.0,0.0,0.0,0.0,0.0,0.0,0,0.0,0.0,0.0,0,0.0,0.0,0.0,0,0.0,0.0,0.0,0,3.0,3.0,19.0,0.0,0.0,0.0,0,3.0,3.0,19.0,1,0.0,0.0,0.0,0,0.0,0.0,0.0,0,2,20,7,8,23,32,61,-29,0.76,2
Ligue 1,Stade Reims,2014,0.0,0.0,0.0,0.0,0.0,0.0,0,0.0,0.0,0.0,0,0.0,0.0,0.0,0,0.0,0.0,0.0,0,5.5,5.5,24.0,0.0,0.0,0.0,0,0.0,0.0,0.0,0,5.5,5.5,24.0,1,0.0,0.0,0.0,0,2,15,12,8,18,47,66,-19,1.16,2
Ligue 1,AS Monaco,2015,101.06,7.219,21.0,0.0,0.0,0.0,0,11.0,11.0,23.0,1,41.56,6.927,19.5,6,48.5,6.929,22.0,7,175.4,19.489,22.556,0.0,0.0,0.0,0,49.4,16.467,23.667,3,36.0,36.0,22.0,1,90.0,18.0,22.0,5,0,3,17,14,7,57,50,7,1.71,2
Ligue 1,AS Saint-Étienne,2015,20.3,2.537,23.5,0.0,0.0,0.0,0,2.5,1.25,24.5,2,5.7,2.85,21.0,2,12.1,3.025,24.25,4,23.2,5.8,24.75,0.0,0.0,0.0,0,4.9,4.9,26.0,1,0.0,0.0,0.0,0,18.3,6.1,24.333,3,0,6,17,7,14,42,37,5,1.53,0
Ligue 1,LOSC Lille,2015,12.9,1.612,21.375,1.0,1.0,20.0,1,0.0,0.0,0.0,0,3.0,1.5,21.0,2,8.9,1.78,21.8,5,35.25,5.875,25.167,0.0,0.0,0.0,0,7.65,7.65,26.0,1,23.6,7.867,24.667,3,4.0,2.0,25.5,2,0,5,15,15,8,39,27,12,1.58,0
Ligue 1,OGC Nice,2015,4.1,1.025,23.25,0.0,0.0,0.0,0,0.6,0.6,25.0,1,2.0,1.0,21.5,2,1.5,1.5,25.0,1,14.0,4.667,22.0,0.0,0.0,0.0,0,11.0,11.0,21.0,1,0.0,0.0,0.0,0,3.0,1.5,22.5,2,0,4,18,9,11,58,41,17,1.66,1
Ligue 1,Olympique Lyon,2015,41.1,5.871,23.714,0.0,0.0,0.0,0,12.6,6.3,25.5,2,22.5,5.625,22.0,4,6.0,6.0,27.0,1,26.8,4.467,22.167,0.0,0.0,0.0,0,1.0,1.0,23.0,1,4.5,2.25,20.0,2,21.3,7.1,23.333,3,0,2,19,8,11,67,43,24,1.71,0
Ligue 1,Paris Saint-Germain,2015,116.1,23.22,24.0,9.5,9.5,25.0,1,35.0,17.5,22.0,2,8.6,8.6,24.0,1,63.0,63.0,27.0,1,22.9,5.725,25.25,1.0,1.0,20.0,1,2.5,2.5,22.0,1,13.9,13.9,29.0,1,5.5,5.5,30.0,1,0,1,30,6,2,102,19,83,2.53,0
Ligue 1,Angers SCO,2015,0.0,0.0,0.0,0.0,0.0,0.0,0,0.0,0.0,0.0,0,0.0,0.0,0.0,0,0.0,0.0,0.0,0,5.9,1.475,27.25,1.0,1.0,32.0,1,0.0,0.0,0.0,0,0.0,0.0,0.0,0,4.9,1.633,25.667,3,1,9,13,11,14,40,38,2,1.32,1
Ligue 1,FC Girondins Bordeaux,2015,11.0,2.75,20.25,0.0,0.0,0.0,0,3.0,1.5,21.5,2,3.0,3.0,20.0,1,5.0,5.0,18.0,1,22.3,5.575,25.5,0.0,0.0,0.0,0,3.5,3.5,29.0,1,6.0,6.0,25.0,1,12.8,6.4,24.0,2,1,11,12,14,12,50,57,-7,1.32,1
Ligue 1,FC Nantes,2015,7.0,1.4,26.6,0.0,0.0,0.0,0,0.0,0.0,0.0,0,3.0,1.0,28.0,3,4.0,2.0,24.5,2,17.55,2.507,24.857,0.0,0.0,0.0,0,5.55,1.388,26.25,4,10.5,5.25,24.5,2,1.5,1.5,20.0,1,1,14,12,12,14,33,44,-11,1.26,1
Ligue 1,Montpellier HSC,2015,2.725,0.908,25.333,0.0,0.0,0.0,0,0.0,0.0,0.0,0,1.7,1.7,25.0,1,1.025,0.512,25.5,2,4.0,2.0,26.0,0.0,0.0,0.0,0,2.0,2.0,25.0,1,0.0,0.0,0.0,0,2.0,2.0,27.0,1,1,12,14,7,17,49,47,2,1.29,0
Ligue 1,Olympique Marseille,2015,19.75,2.469,23.375,0.0,0.0,0.0,0,9.5,2.375,25.0,4,1.25,0.625,23.5,2,9.0,4.5,20.0,2,54.45,10.89,24.8,0.0,0.0,0.0,0,0.0,0.0,0.0,0,36.1,9.025,25.5,4,18.35,18.35,22.0,1,1,13,10,18,10,48,42,6,1.26,0
Ligue 1,SC Bastia,2015,0.0,0.0,0.0,0.0,0.0,0.0,0,0.0,0.0,0.0,0,0.0,0.0,0.0,0,0.0,0.0,0.0,0,1.7,1.7,25.0,0.0,0.0,0.0,0,0.0,0.0,0.0,0,1.7,1.7,25.0,1,0.0,0.0,0.0,0,1,10,14,8,16,36,42,-6,1.32,2
Ligue 1,SM Caen,2015,6.05,1.008,24.167,0.0,0.0,0.0,0,0.05,0.05,23.0,1,2.6,1.3,25.5,2,3.4,1.133,23.667,3,14.0,4.667,21.333,0.0,0.0,0.0,0,0.0,0.0,0.0,0,13.0,6.5,21.5,2,1.0,1.0,21.0,1,1,7,16,6,16,39,52,-13,1.42,2
Ligue 1,Stade Rennais FC,2015,5.64,1.128,24.0,0.0,0.0,0.0,0,1.0,1.0,23.0,1,2.0,1.0,23.0,2,2.64,1.32,25.5,2,10.6,10.6,23.0,0.0,0.0,0.0,0,0.0,0.0,0.0,0,10.6,10.6,23.0,1,0.0,0.0,0.0,0,1,8,13,13,12,52,54,-2,1.37,1
Ligue 1,EA Guingamp,2015,1.95,0.975,24.5,0.0,0.0,0.0,0,0.0,0.0,0.0,0,0.0,0.0,0.0,0,1.95,0.975,24.5,2,6.0,6.0,27.0,0.0,0.0,0.0,0,0.0,0.0,0.0,0,0.0,0.0,0.0,0,6.0,6.0,27.0,1,2,16,11,11,16,47,56,-9,1.16,2
Ligue 1,ESTAC Troyes,2015,0.3,0.3,29.0,0.0,0.0,0.0,0,0.0,0.0,0.0,0,0.0,0.0,0.0,0,0.3,0.3,29.0,1,7.3,2.433,21.333,0.0,0.0,0.0,0,1.5,1.5,24.0,1,1.8,1.8,21.0,1,4.0,4.0,19.0,1,2,20,3,9,26,28,83,-55,0.47,2
Ligue 1,FC Lorient,2015,9.93,1.986,23.6,0.0,0.0,0.0,0,1.5,1.5,25.0,1,1.8,1.8,21.0,1,6.63,2.21,24.0,3,18.5,9.25,24.5,0.0,0.0,0.0,0,6.5,6.5,26.0,1,0.0,0.0,0.0,0,12.0,12.0,23.0,1,2,15,11,13,14,47,58,-11,1.21,2
Ligue 1,FC Toulouse,2015,2.9,1.45,26.5,0.5,0.5,27.0,1,0.0,0.0,0.0,0,2.4,2.4,26.0,1,0.0,0.0,0.0,0,10.5,5.25,22.5,0.5,0.5,23.0,1,10.0,10.0,22.0,1,0.0,0.0,0.0,0,0.0,0.0,0.0,0,2,17,9,13,16,45,55,-10,1.05,2
Ligue 1,Stade Reims,2015,2.4,1.2,26.0,0.0,0.0,0.0,0,0.9,0.9,23.0,1,1.5,1.5,29.0,1,0.0,0.0,0.0,0,1.5,1.5,26.0,0.0,0.0,0.0,0,0.0,0.0,0.0,0,0.0,0.0,0.0,0,1.5,1.5,26.0,1,2,18,10,9,19,44,57,-13,1.03,1
Ligue 1,AS Monaco,2016,50.5,10.1,22.2,0.0,0.0,0.0,0,47.5,11.875,23.0,4,3.0,3.0,19.0,1,0.0,0.0,0.0,0,18.45,3.075,24.0,0.0,0.0,0.0,0,3.75,1.875,25.5,2,6.7,2.233,23.667,3,8.0,8.0,22.0,1,0,1,30,5,3,107,31,76,2.5,1
Ligue 1,FC Girondins Bordeaux,2016,11.85,2.37,25.2,2.5,2.5,19.0,1,1.0,1.0,31.0,1,3.0,3.0,27.0,1,5.35,2.675,24.5,2,2.6,0.867,24.667,0.0,0.0,0.0,0,0.0,0.0,0.0,0,1.9,0.95,25.0,2,0.7,0.7,24.0,1,0,6,15,14,9,53,43,10,1.55,1
Ligue 1,OGC Nice,2016,15.25,2.179,23.571,0.0,0.0,0.0,0,6.25,1.562,26.5,4,7.5,3.75,20.0,2,1.5,1.5,19.0,1,15.8,7.9,25.0,0.0,0.0,0.0,0,0.3,0.3,26.0,1,15.5,15.5,24.0,1,0.0,0.0,0.0,0,0,3,22,12,4,63,36,27,2.05,0
Ligue 1,Olympique Lyon,2016,28.6,9.533,20.333,0.0,0.0,0.0,0,8.5,8.5,20.0,1,0.0,0.0,0.0,0,20.1,10.05,20.5,2,27.3,9.1,24.667,0.0,0.0,0.0,0,27.3,9.1,24.667,3,0.0,0.0,0.0,0,0.0,0.0,0.0,0,0,4,21,4,13,77,48,29,1.76,1
Ligue 1,Olympique Marseille,2016,53.0,8.833,25.833,0.0,0.0,0.0,0,1.2,1.2,30.0,1,51.8,10.36,25.0,5,0.0,0.0,0.0,0,81.49,9.054,24.0,0.0,0.0,0.0,0,13.0,13.0,21.0,1,15.4,5.133,24.667,3,53.09,10.618,24.2,5,0,5,17,11,10,57,41,16,1.63,0
Ligue 1,Paris Saint-Germain,2016,134.5,22.417,22.667,0.0,0.0,0.0,0,6.0,6.0,24.0,1,37.5,18.75,23.0,2,91.0,30.333,22.0,3,59.8,14.95,24.5,0.0,0.0,0.0,0,51.5,25.75,25.5,2,8.3,4.15,23.5,2,0.0,0.0,0.0,0,0,2,27,6,5,83,27,56,2.29,0
Ligue 1,AS Saint-Étienne,2016,7.0,3.5,24.0,0.0,0.0,0.0,0,3.0,3.0,24.0,1,4.0,4.0,24.0,1,0.0,0.0,0.0,0,2.25,0.75,27.0,0.0,0.0,0.0,0,1.5,0.75,29.0,2,0.75,0.75,23.0,1,0.0,0.0,0.0,0,1,8,12,14,12,41,42,-1,1.32,2
Ligue 1,Angers SCO,2016,5.2,0.867,23.833,1.0,1.0,24.0,1,0.0,0.0,0.0,0,1.6,0.533,24.333,3,2.6,1.3,23.0,2,4.4,2.2,26.5,0.0,0.0,0.0,0,4.4,2.2,26.5,2,0.0,0.0,0.0,0,0.0,0.0,0.0,0,1,12,13,7,18,40,49,-9,1.21,1
Ligue 1,EA Guingamp,2016,0.0,0.0,0.0,0.0,0.0,0.0,0,0.0,0.0,0.0,0,0.0,0.0,0.0,0,0.0,0.0,0.0,0,2.5,2.5,27.0,2.5,2.5,27.0,1,0.0,0.0,0.0,0,0.0,0.0,0.0,0,0.0,0.0,0.0,0,1,10,14,8,16,46,53,-7,1.32,2
Ligue 1,FC Metz,2016,0.4,0.4,27.0,0.0,0.0,0.0,0,0.4,0.4,27.0,1,0.0,0.0,0.0,0,0.0,0.0,0.0,0,0.775,0.775,24.0,0.0,0.0,0.0,0,0.0,0.0,0.0,0,0.775,0.775,24.0,1,0.0,0.0,0.0,0,1,14,11,10,17,39,72,-33,1.13,2
Ligue 1,FC Nantes,2016,5.0,1.25,22.75,0.0,0.0,0.0,0,2.4,1.2,23.5,2,0.6,0.6,23.0,1,2.0,2.0,21.0,1,2.645,0.661,25.5,0.0,0.0,0.0,0,0.0,0.0,0.0,0,1.945,0.648,25.333,3,0.7,0.7,26.0,1,1,7,14,9,15,40,54,-14,1.34,1
Ligue 1,FC Toulouse,2016,13.0,2.6,25.4,0.0,0.0,0.0,0,2.8,2.8,23.0,1,4.2,1.4,26.333,3,6.0,6.0,25.0,1,10.0,5.0,26.0,0.0,0.0,0.0,0,0.5,0.5,27.0,1,0.0,0.0,0.0,0,9.5,9.5,25.0,1,1,13,10,14,14,37,41,-4,1.16,2
Ligue 1,LOSC Lille,2016,20.7,3.45,22.333,0.0,0.0,0.0,0,5.5,2.75,21.0,2,3.7,1.85,21.5,2,11.5,5.75,24.5,2,47.0,6.714,22.714,0.0,0.0,0.0,0,20.0,10.0,21.5,2,3.0,3.0,27.0,1,24.0,6.0,22.25,4,1,11,13,7,18,40,47,-7,1.21,0
Ligue 1,Stade Rennais FC,2016,2.27,1.135,22.0,0.0,0.0,0.0,0,2.27,1.135,22.0,2,0.0,0.0,0.0,0,0.0,0.0,0.0,0,55.3,6.913,25.25,0.0,0.0,0.0,0,2.7,1.35,24.0,2,1.5,1.5,30.0,1,51.1,10.22,24.8,5,1,9,12,14,12,36,42,-6,1.32,0
Ligue 1,AS Nancy-Lorraine,2016,2.3,0.767,22.333,0.5,0.5,27.0,1,0.3,0.3,21.0,1,1.5,1.5,19.0,1,0.0,0.0,0.0,0,10.9,3.633,19.667,0.0,0.0,0.0,0,5.4,5.4,21.0,1,5.5,2.75,19.0,2,0.0,0.0,0.0,0,2,19,9,8,21,29,52,-23,0.92,2
Ligue 1,Dijon FCO,2016,3.15,0.788,24.0,0.0,0.0,0.0,0,1.4,0.7,25.0,2,0.25,0.25,24.0,1,1.5,1.5,22.0,1,1.25,1.25,24.0,0.0,0.0,0.0,0,1.25,1.25,24.0,1,0.0,0.0,0.0,0,0.0,0.0,0.0,0,2,16,8,13,17,46,58,-12,0.97,2
Ligue 1,FC Lorient,2016,8.6,1.433,23.667,0.0,0.0,0.0,0,4.7,1.567,24.0,3,3.0,1.5,24.0,2,0.9,0.9,22.0,1,32.15,10.717,23.0,0.0,0.0,0.0,0,12.0,12.0,22.0,1,20.0,20.0,22.0,1,0.15,0.15,25.0,1,2,18,10,6,22,44,70,-26,0.95,2
Ligue 1,Montpellier HSC,2016,6.4,1.6,21.5,0.0,0.0,0.0,0,3.0,1.5,21.0,2,0.0,0.0,0.0,0,3.4,1.7,22.0,2,19.4,4.85,25.25,0.0,0.0,0.0,0,0.0,0.0,0.0,0,19.4,4.85,25.25,4,0.0,0.0,0.0,0,2,15,10,9,19,48,66,-18,1.03,1
Ligue 1,SC Bastia,2016,0.25,0.25,23.0,0.0,0.0,0.0,0,0.0,0.0,0.0,0,0.25,0.25,23.0,1,0.0,0.0,0.0,0,7.0,1.75,24.25,0.0,0.0,0.0,0,2.0,2.0,26.0,1,0.0,0.0,0.0,0,5.0,1.667,23.667,3,2,20,8,10,20,29,54,-25,0.89,2
Ligue 1,SM Caen,2016,4.25,1.417,25.333,0.0,0.0,0.0,0,0.0,0.0,0.0,0,0.75,0.75,23.0,1,3.5,1.75,26.5,2,11.0,5.5,24.0,0.0,0.0,0.0,0,3.0,3.0,24.0,1,0.0,0.0,0.0,0,8.0,8.0,24.0,1,2,17,10,7,21,36,65,-29,0.97,2
